market,ric
asx,1AD.AX
asx,1AG.AX
asx,1AL.AX
asx,1ST.AX
asx,3DP.AX
asx,3PL.AX
asx,4CE.AX
asx,4DS.AX
asx,4WD.AX
asx,5GN.AX
asx,88E.AX
asx,8CO.AX
asx,8EC.AX
asx,8IH.AX
asx,9SP.AX
asx,A2M.AX
asx,A3D.AX
asx,AAA.AX
asx,AAC.AX
asx,AAD.AX
asx,AAJ.AX
asx,AAP.AX
asx,AAR.AX
asx,AAU.AX
asx,AB1.AX
asx,ABA.AX
asx,ABC.AX
asx,ABL.AX
asx,ABP.AX
asx,ABR.AX
asx,ABT.AX
asx,ABU.AX
asx,ABV.AX
asx,ABW.AX
asx,ABX.AX
asx,AC8.AX
asx,ACB.AX
asx,ACG.AX
asx,ACK.AX
asx,ACL.AX
asx,ACP.AX
asx,ACQ.AX
asx,ACR.AX
asx,ACS.AX
asx,ACW.AX
asx,ACX.AX
asx,AD1.AX
asx,AD8.AX
asx,ADA.AX
asx,ADD.AX
asx,ADH.AX
asx,ADJ.AX
asx,ADN.AX
asx,ADO.AX
asx,ADR.AX
asx,ADV.AX
asx,ADX.AX
asx,ADY.AX
asx,AEB.AX
asx,AEE.AX
asx,AEF.AX
asx,AEG.AX
asx,AEGN.AX
asx,AEI.AX
asx,AER.AX
asx,AEV.AX
asx,AFA.AX
asx,AFG.AX
asx,AFI.AX
asx,AFP.AX
asx,AFR.AX
asx,AFT.AX
asx,AGD.AX
asx,AGE.AX
asx,AGG.AX
asx,AGI.AX
asx,AGJ.AX
asx,AGL.AX
asx,AGO.AX
asx,AGR.AX
asx,AGS.AX
asx,AGY.AX
asx,AHF.AX
asx,AHG.AX
asx,AHK.AX
asx,AHL.AX
asx,AHN.AX
asx,AHQ.AX
asx,AHR.AX
asx,AHX.AX
asx,AHY.AX
asx,AHZ.AX
asx,AIA.AX
asx,AIB.AX
asx,AIQ.AX
asx,AIR.AX
asx,AIS.AX
asx,AIV.AX
asx,AIY.AX
asx,AIZ.AX
asx,AJC.AX
asx,AJD.AX
asx,AJJ.AX
asx,AJL.AX
asx,AJM.AX
asx,AJQ.AX
asx,AJX.AX
asx,AJY.AX
asx,AKF.AX
asx,AKG.AX
asx,AKM.AX
asx,AKN.AX
asx,AKP.AX
asx,AL8.AX
asx,ALC.AX
asx,ALF.AX
asx,ALI.AX
asx,ALK.AX
asx,ALL.AX
asx,ALQ.AX
asx,ALR.AX
asx,ALT.AX
asx,ALU.AX
asx,ALY.AX
asx,AMA.AX
asx,AMB.AX
asx,AMC.AX
asx,AME.AX
asx,AMG.AX
asx,AMH.AX
asx,AMI.AX
asx,AML.AX
asx,AMN.AX
asx,AMO.AX
asx,AMP.AX
asx,AMT.AX
asx,ANG.AX
asx,ANL.AX
asx,ANN.AX
asx,ANO.AX
asx,ANP.AX
asx,ANR.AX
asx,ANW.AX
asx,ANZ.AX
asx,AO1.AX
asx,AOA.AX
asx,AOD.AX
asx,AOF.AX
asx,AOG.AX
asx,AOH.AX
asx,AOK.AX
asx,AON.AX
asx,AOP.AX
asx,AOU.AX
asx,AOW.AX
asx,APA.AX
asx,APC.AX
asx,APD.AX
asx,APE.AX
asx,APG.AX
asx,API.AX
asx,APL.AX
asx,APO.AX
asx,APT.AX
asx,APW.AX
asx,APX.AX
asx,APZ.AX
asx,AQC.AX
asx,AQD.AX
asx,AQF.AX
asx,AQG.AX
asx,AQI.AX
asx,AQQ.AX
asx,AQS.AX
asx,AQX.AX
asx,AQZ.AX
asx,AR1.AX
asx,ARA.AX
asx,ARB.AX
asx,ARC.AX
asx,ARD.AX
asx,ARE.AX
asx,ARF.AX
asx,ARG.AX
asx,ARL.AX
asx,ARM.AX
asx,ARO.AX
asx,ARS.AX
asx,ARU.AX
asx,ARV.AX
asx,ARX.AX
asx,ASB.AX
asx,ASG.AX
asx,ASH.AX
asx,ASL.AX
asx,ASN.AX
asx,ASP.AX
asx,AST.AX
asx,ASW.AX
asx,ASX.AX
asx,ATC.AX
asx,ATL.AX
asx,ATM.AX
asx,ATP.AX
asx,ATR.AX
asx,ATS.AX
asx,ATT.AX
asx,ATU.AX
asx,AU1.AX
asx,AU8.AX
asx,AUB.AX
asx,AUC.AX
asx,AUDS.AX
asx,AUF.AX
asx,AUH.AX
asx,AUI.AX
asx,AUMF.AX
asx,AUP.AX
asx,AUQ.AX
asx,AUR.AX
asx,AUST.AX
asx,AUZ.AX
asx,AVB.AX
asx,AVD.AX
asx,AVG.AX
asx,AVH.AX
asx,AVJ.AX
asx,AVL.AX
asx,AVN.AX
asx,AVQ.AX
asx,AVW.AX
asx,AVZ.AX
asx,AWC.AX
asx,AWE.AX
asx,AWN.AX
asx,AWQ.AX
asx,AWV.AX
asx,AWY.AX
asx,AX1.AX
asx,AXE.AX
asx,AXI.AX
asx,AXL.AX
asx,AXP.AX
asx,AXT.AX
asx,AYF.AX
asx,AYI.AX
asx,AYJ.AX
asx,AYK.AX
asx,AYM.AX
asx,AYR.AX
asx,AYS.AX
asx,AYZ.AX
asx,AZJ.AX
asx,AZM.AX
asx,AZS.AX
asx,AZSDA.AX
asx,AZV.AX
asx,AZY.AX
asx,BAF.AX
asx,BAL.AX
asx,BAP.AX
asx,BAR.AX
asx,BAS.AX
asx,BAT.AX
asx,BAU.AX
asx,BBG.AX
asx,BBL.AX
asx,BBN.AX
asx,BBOZ.AX
asx,BBUS.AX
asx,BCB.AX
asx,BCI.AX
asx,BCK.AX
asx,BCN.AX
asx,BCT.AX
asx,BD1.AX
asx,BDA.AX
asx,BDI.AX
asx,BDR.AX
asx,BEAR.AX
asx,BEE.AX
asx,BEL.AX
asx,BEN.AX
asx,BFC.AX
asx,BFG.AX
asx,BGA.AX
asx,BGH.AX
asx,BGP.AX
asx,BGS.AX
asx,BGT.AX
asx,BHD.AX
asx,BHL.AX
asx,BHP.AX
asx,BID.AX
asx,BIG.AX
asx,BILL.AX
asx,BIN.AX
asx,BIQ.AX
asx,BIS.AX
asx,BIT.AX
asx,BKI.AX
asx,BKL.AX
asx,BKP.AX
asx,BKT.AX
asx,BKW.AX
asx,BKY.AX
asx,BLA.AX
asx,BLD.AX
asx,BLG.AX
asx,BLK.AX
asx,BLT.AX
asx,BLX.AX
asx,BLY.AX
asx,BLZ.AX
asx,BMG.AX
asx,BMH.AX
asx,BML.AX
asx,BMLDA.AX
asx,BMN.AX
asx,BMP.AX
asx,BMT.AX
asx,BMZ.AX
asx,BNKS.AX
asx,BNO.AX
asx,BNR.AX
asx,BOA.AX
asx,BOC.AX
asx,BOE.AX
asx,BOL.AX
asx,BOND.AX
asx,BOQ.AX
asx,BOT.AX
asx,BPF.AX
asx,BPG.AX
asx,BPH.AX
asx,BPL.AX
asx,BPS.AX
asx,BPT.AX
asx,BRB.AX
asx,BRC.AX
asx,BRG.AX
asx,BRI.AX
asx,BRK.AX
asx,BRL.AX
asx,BRN.AX
asx,BRU.AX
asx,BSA.AX
asx,BSE.AX
asx,BSL.AX
asx,BSM.AX
asx,BSN.AX
asx,BSP.AX
asx,BSR.AX
asx,BST.AX
asx,BSX.AX
asx,BTC.AX
asx,BTH.AX
asx,BTI.AX
asx,BTT.AX
asx,BUB.AX
asx,BUD.AX
asx,BUG.AX
asx,BUL.AX
asx,BUX.AX
asx,BUY.AX
asx,BVS.AX
asx,BWF.AX
asx,BWP.AX
asx,BWR.AX
asx,BWX.AX
asx,BXB.AX
asx,BXN.AX
asx,BYE.AX
asx,BYH.AX
asx,BYI.AX
asx,CA8.AX
asx,CAA.AX
asx,CAB.AX
asx,CAE.AX
asx,CAF.AX
asx,CAG.AX
asx,CAI.AX
asx,CAJ.AX
asx,CAM.AX
asx,CAN.AX
asx,CAP.AX
asx,CAQ.AX
asx,CAR.AX
asx,CAS.AX
asx,CAT.AX
asx,CAV.AX
asx,CAY.AX
asx,CAZ.AX
asx,CBA.AX
asx,CBC.AX
asx,CBL.AX
asx,CCA.AX
asx,CCE.AX
asx,CCH.AX
asx,CCJ.AX
asx,CCL.AX
asx,CCP.AX
asx,CCV.AX
asx,CCZ.AX
asx,CD1.AX
asx,CD2.AX
asx,CD3.AX
asx,CDA.AX
asx,CDC.AX
asx,CDD.AX
asx,CDH.AX
asx,CDM.AX
asx,CDP.AX
asx,CDT.AX
asx,CDU.AX
asx,CDV.AX
asx,CDY.AX
asx,CDYDA.AX
asx,CE1.AX
asx,CEL.AX
asx,CEN.AX
asx,CETF.AX
asx,CFE.AX
asx,CFO.AX
asx,CGA.AX
asx,CGC.AX
asx,CGF.AX
asx,CGL.AX
asx,CGM.AX
asx,CGN.AX
asx,CGO.AX
asx,CGR.AX
asx,CGS.AX
asx,CHC.AX
asx,CHK.AX
asx,CHN.AX
asx,CHP.AX
asx,CHR.AX
asx,CHZ.AX
asx,CIA.AX
asx,CIE.AX
asx,CII.AX
asx,CIM.AX
asx,CIN.AX
asx,CIO.AX
asx,CIP.AX
asx,CIW.AX
asx,CKA.AX
asx,CKF.AX
asx,CL1.AX
asx,CL8.AX
asx,CLA.AX
asx,CLH.AX
asx,CLI.AX
asx,CLL.AX
asx,CLQ.AX
asx,CLT.AX
asx,CLV.AX
asx,CLW.AX
asx,CLX.AX
asx,CLY.AX
asx,CLZ.AX
asx,CM8.AX
asx,CMA.AX
asx,CMC.AX
asx,CMI.AX
asx,CMM.AX
asx,CMP.AX
asx,CMW.AX
asx,CND.AX
asx,CNI.AX
asx,CNJ.AX
asx,CNL.AX
asx,CNQ.AX
asx,CNU.AX
asx,CNW.AX
asx,CNX.AX
asx,CO1.AX
asx,COB.AX
asx,COE.AX
asx,COG.AX
asx,COH.AX
asx,COI.AX
asx,COM.AX
asx,COO.AX
asx,CORE.AX
asx,COY.AX
asx,CP1.AX
asx,CPH.AX
asx,CPU.AX
asx,CQG.AX
asx,CQR.AX
asx,CR8.AX
asx,CRB.AX
asx,CRL.AX
asx,CRM.AX
asx,CRO.AX
asx,CRR.AX
asx,CSE.AX
asx,CSL.AX
asx,CSR.AX
asx,CSS.AX
asx,CSV.AX
asx,CT1.AX
asx,CTD.AX
asx,CTE.AX
asx,CTL.AX
asx,CTM.AX
asx,CTN.AX
asx,CTO.AX
asx,CTP.AX
asx,CTX.AX
asx,CUE.AX
asx,CUL.AX
asx,CUP.AX
asx,CUV.AX
asx,CUX.AX
asx,CV1.AX
asx,CVC.AX
asx,CVN.AX
asx,CVS.AX
asx,CVT.AX
asx,CVV.AX
asx,CVW.AX
asx,CWN.AX
asx,CWP.AX
asx,CWY.AX
asx,CXM.AX
asx,CXO.AX
asx,CXU.AX
asx,CXX.AX
asx,CXZ.AX
asx,CYA.AX
asx,CYB.AX
asx,CYC.AX
asx,CYG.AX
asx,CYL.AX
asx,CYP.AX
asx,CYQ.AX
asx,CZA.AX
asx,CZI.AX
asx,CZL.AX
asx,CZN.AX
asx,CZR.AX
asx,CZZ.AX
asx,D13.AX
asx,D2O.AX
asx,DAF.AX
asx,DAU.AX
asx,DAV.AX
asx,DCC.AX
asx,DCG.AX
asx,DCL.AX
asx,DCN.AX
asx,DDD.AX
asx,DDR.AX
asx,DDT.AX
asx,DEG.AX
asx,DEM.AX
asx,DFM.AX
asx,DGH.AX
asx,DGO.AX
asx,DGR.AX
asx,DHG.AX
asx,DHR.AX
asx,DIG.AX
asx,DIV.AX
asx,DJRE.AX
asx,DJW.AX
asx,DKM.AX
asx,DLC.AX
asx,DLX.AX
asx,DM1.AX
asx,DMC.AX
asx,DMCDA.AX
asx,DME.AX
asx,DMG.AX
asx,DMI.AX
asx,DMKT.AX
asx,DMP.AX
asx,DN8.AX
asx,DNA.AX
asx,DNK.AX
asx,DOR.AX
asx,DOW.AX
asx,DRA.AX
asx,DRG.AX
asx,DRK.AX
asx,DRM.AX
asx,DRO.AX
asx,DRUG.AX
asx,DRX.AX
asx,DSE.AX
asx,DSX.AX
asx,DTI.AX
asx,DTL.AX
asx,DTM.AX
asx,DTR.AX
asx,DTS.AX
asx,DTZ.AX
asx,DUB.AX
asx,DUI.AX
asx,DVL.AX
asx,DVN.AX
asx,DW8.AX
asx,DWS.AX
asx,DXB.AX
asx,DXS.AX
asx,DYL.AX
asx,E2M.AX
asx,EAI.AX
asx,EAR.AX
asx,EAS.AX
asx,EAX.AX
asx,EBG.AX
asx,EBO.AX
asx,ECG.AX
asx,ECX.AX
asx,EDC.AX
asx,EDE.AX
asx,EEG.AX
asx,EEU.AX
asx,EFE.AX
asx,EGA.AX
asx,EGD.AX
asx,EGG.AX
asx,EGH.AX
asx,EGI.AX
asx,EGL.AX
asx,EGN.AX
asx,EGS.AX
asx,EGY.AX
asx,EHE.AX
asx,EHH.AX
asx,EHL.AX
asx,EHX.AX
asx,ELD.AX
asx,ELK.AX
asx,ELO.AX
asx,ELS.AX
asx,ELT.AX
asx,ELX.AX
asx,EMB.AX
asx,EME.AX
asx,EMF.AX
asx,EMG.AX
asx,EMH.AX
asx,EML.AX
asx,EMP.AX
asx,EMR.AX
asx,EMU.AX
asx,EMX.AX
asx,ENA.AX
asx,ENB.AX
asx,ENC.AX
asx,ENN.AX
asx,ENR.AX
asx,ENT.AX
asx,ENX.AX
asx,ENZ.AX
asx,EOL.AX
asx,EOR.AX
asx,EOS.AX
asx,EPD.AX
asx,EPM.AX
asx,EPT.AX
asx,EPW.AX
asx,EQE.AX
asx,EQT.AX
asx,EQX.AX
asx,ERA.AX
asx,ERF.AX
asx,ERL.AX
asx,ERM.AX
asx,ESE.AX
asx,ESH.AX
asx,ESI.AX
asx,ESK.AX
asx,ESR.AX
asx,ESTX.AX
asx,ESV.AX
asx,ETE.AX
asx,ETF.AX
asx,ETHI.AX
asx,EUC.AX
asx,EUR.AX
asx,EVE.AX
asx,EVN.AX
asx,EVO.AX
asx,EVS.AX
asx,EVT.AX
asx,EVZ.AX
asx,EWC.AX
asx,EX20.AX
asx,EXG.AX
asx,EXO.AX
asx,EXP.AX
asx,EXR.AX
asx,EXU.AX
asx,EYM.AX
asx,EZL.AX
asx,FAIR.AX
asx,FAR.AX
asx,FBR.AX
asx,FBU.AX
asx,FCC.AX
asx,FCR.AX
asx,FCT.AX
asx,FDIV.AX
asx,FDM.AX
asx,FDV.AX
asx,FE8.AX
asx,FEI.AX
asx,FEL.AX
asx,FET.AX
asx,FFC.AX
asx,FFG.AX
asx,FFI.AX
asx,FFT.AX
asx,FGF.AX
asx,FGG.AX
asx,FGO.AX
asx,FGR.AX
asx,FGX.AX
asx,FHS.AX
asx,FID.AX
asx,FIG.AX
asx,FLC.AX
asx,FLK.AX
asx,FLN.AX
asx,FLOT.AX
asx,FLT.AX
asx,FMG.AX
asx,FML.AX
asx,FMS.AX
asx,FND.AX
asx,FNP.AX
asx,FNT.AX
asx,FOD.AX
asx,FOOD.AX
asx,FOR.AX
asx,FPC.AX
asx,FPH.AX
asx,FPL.AX
asx,FPP.AX
asx,FRC.AX
asx,FRI.AX
asx,FRM.AX
asx,FRN.AX
asx,FRX.AX
asx,FSA.AX
asx,FSF.AX
asx,FSG.AX
asx,FSI.AX
asx,FTT.AX
asx,FTZ.AX
asx,FUEL.AX
asx,FUN.AX
asx,FWD.AX
asx,FXJ.AX
asx,FXL.AX
asx,FYA.AX
asx,FYI.AX
asx,FZO.AX
asx,FZR.AX
asx,G1A.AX
asx,G88.AX
asx,GAP.AX
asx,GAS.AX
asx,GBE.AX
asx,GBG.AX
asx,GBI.AX
asx,GBM.AX
asx,GBP.AX
asx,GBR.AX
asx,GBT.AX
asx,GBZ.AX
asx,GC1.AX
asx,GCM.AX
asx,GCR.AX
asx,GCS.AX
asx,GCY.AX
asx,GDF.AX
asx,GDFN.AX
asx,GDI.AX
asx,GDX.AX
asx,GEAR.AX
asx,GED.AX
asx,GEM.AX
asx,GES.AX
asx,GEV.AX
asx,GFI.AX
asx,GFL.AX
asx,GFY.AX
asx,GGE.AX
asx,GGG.AX
asx,GGH.AX
asx,GGL.AX
asx,GGUS.AX
asx,GGX.AX
asx,GID.AX
asx,GLA.AX
asx,GLB.AX
asx,GLE.AX
asx,GLF.AX
asx,GLFDA.AX
asx,GLH.AX
asx,GLIN.AX
asx,GLL.AX
asx,GMA.AX
asx,GMC.AX
asx,GMD.AX
asx,GME.AX
asx,GMG.AX
asx,GMN.AX
asx,GMR.AX
asx,GMV.AX
asx,GMY.AX
asx,GNC.AX
asx,GNE.AX
asx,GNG.AX
asx,GNX.AX
asx,GO2.AX
asx,GOO.AX
asx,GOR.AX
asx,GOVT.AX
asx,GOW.AX
asx,GOZ.AX
asx,GPP.AX
asx,GPR.AX
asx,GPS.AX
asx,GPT.AX
asx,GPX.AX
asx,GRB.AX
asx,GROW.AX
asx,GRR.AX
asx,GRV.AX
asx,GSC.AX
asx,GSL.AX
asx,GSS.AX
asx,GSW.AX
asx,GTE.AX
asx,GTG.AX
asx,GTK.AX
asx,GTN.AX
asx,GTR.AX
asx,GTY.AX
asx,GUD.AX
asx,GUL.AX
asx,GVF.AX
asx,GWA.AX
asx,GWR.AX
asx,GXL.AX
asx,GXY.AX
asx,GZL.AX
asx,HACK.AX
asx,HAR.AX
asx,HAS.AX
asx,HAV.AX
asx,HAW.AX
asx,HBRD.AX
asx,HCH.AX
asx,HCT.AX
asx,HE8.AX
asx,HEG.AX
asx,HEUR.AX
asx,HFA.AX
asx,HFR.AX
asx,HGL.AX
asx,HGO.AX
asx,HHM.AX
asx,HHV.AX
asx,HHY.AX
asx,HIG.AX
asx,HIL.AX
asx,HIT.AX
asx,HJPN.AX
asx,HLO.AX
asx,HLX.AX
asx,HMO.AX
asx,HMX.AX
asx,HNG.AX
asx,HNR.AX
asx,HOM.AX
asx,HOR.AX
asx,HOT.AX
asx,HPI.AX
asx,HPR.AX
asx,HRL.AX
asx,HRN.AX
asx,HRR.AX
asx,HSN.AX
asx,HSO.AX
asx,HT1.AX
asx,HT8.AX
asx,HTA.AX
asx,HUB.AX
asx,HUO.AX
asx,HVN.AX
asx,HVST.AX
asx,HWK.AX
asx,HXG.AX
asx,HZN.AX
asx,HZR.AX
asx,IAA.AX
asx,IAB.AX
asx,IAF.AX
asx,IAG.AX
asx,IAM.AX
asx,IAU.AX
asx,IBC.AX
asx,IBG.AX
asx,IBK.AX
asx,IBN.AX
asx,IBX.AX
asx,ICG.AX
asx,ICI.AX
asx,ICN.AX
asx,ICQ.AX
asx,ICS.AX
asx,ICT.AX
asx,ICU.AX
asx,IDA.AX
asx,IDO.AX
asx,IDR.AX
asx,IDT.AX
asx,IDX.AX
asx,IDZ.AX
asx,IEC.AX
asx,IEL.AX
asx,IEM.AX
asx,IEQ.AX
asx,IEU.AX
asx,IFL.AX
asx,IFM.AX
asx,IFN.AX
asx,IFRA.AX
asx,IFT.AX
asx,IGB.AX
asx,IGL.AX
asx,IGO.AX
asx,IHCB.AX
asx,IHD.AX
asx,IHEB.AX
asx,IHHY.AX
asx,IHK.AX
asx,IHL.AX
asx,IHOO.AX
asx,IHS.AX
asx,IHVV.AX
asx,IHWL.AX
asx,IIL.AX
asx,IJH.AX
asx,IJP.AX
asx,IJR.AX
asx,IKE.AX
asx,IKO.AX
asx,IKW.AX
asx,ILB.AX
asx,ILC.AX
asx,ILU.AX
asx,IMA.AX
asx,IMC.AX
asx,IMD.AX
asx,IMF.AX
asx,IMI.AX
asx,IMU.AX
asx,INA.AX
asx,ING.AX
asx,INK.AX
asx,INM.AX
asx,INV.AX
asx,IOD.AX
asx,IOF.AX
asx,IOG.AX
asx,IOO.AX
asx,IOT.AX
asx,IOZ.AX
asx,IP1.AX
asx,IPB.AX
asx,IPC.AX
asx,IPD.AX
asx,IPE.AX
asx,IPH.AX
asx,IPL.AX
asx,IPT.AX
asx,IQ3.AX
asx,IRC.AX
asx,IRD.AX
asx,IRE.AX
asx,IRI.AX
asx,IRU.AX
asx,IS3.AX
asx,ISD.AX
asx,ISEC.AX
asx,ISG.AX
asx,ISH.AX
asx,ISO.AX
asx,ISU.AX
asx,ISX.AX
asx,ITD.AX
asx,ITL.AX
asx,ITW.AX
asx,IVC.AX
asx,IVE.AX
asx,IVO.AX
asx,IVQ.AX
asx,IVR.AX
asx,IVT.AX
asx,IVV.AX
asx,IVX.AX
asx,IWLD.AX
asx,IXI.AX
asx,IXJ.AX
asx,IXP.AX
asx,IXU.AX
asx,IZZ.AX
asx,JAL.AX
asx,JAT.AX
asx,JBH.AX
asx,JCI.AX
asx,JCS.AX
asx,JHC.AX
asx,JHG.AX
asx,JHL.AX
asx,JHX.AX
asx,JIN.AX
asx,JIP.AX
asx,JJF.AX
asx,JKA.AX
asx,JKL.AX
asx,JLG.AX
asx,JPR.AX
asx,JRL.AX
asx,JRV.AX
asx,JVG.AX
asx,JYC.AX
asx,K2F.AX
asx,K2P.AX
asx,KAI.AX
asx,KAM.AX
asx,KAR.AX
asx,KAS.AX
asx,KAT.AX
asx,KBC.AX
asx,KBU.AX
asx,KCN.AX
asx,KDR.AX
asx,KEY.AX
asx,KFE.AX
asx,KGD.AX
asx,KGL.AX
asx,KGM.AX
asx,KGN.AX
asx,KII.AX
asx,KIN.AX
asx,KIS.AX
asx,KKL.AX
asx,KKT.AX
asx,KLA.AX
asx,KLH.AX
asx,KLL.AX
asx,KLO.AX
asx,KLR.AX
asx,KMD.AX
asx,KME.AX
asx,KMT.AX
asx,KNH.AX
asx,KNL.AX
asx,KNM.AX
asx,KNO.AX
asx,KOR.AX
asx,KOV.AX
asx,KP2.AX
asx,KPC.AX
asx,KPG.AX
asx,KPL.AX
asx,KPO.AX
asx,KPT.AX
asx,KRC.AX
asx,KRL.AX
asx,KRS.AX
asx,KSC.AX
asx,KSL.AX
asx,KSM.AX
asx,KSN.AX
asx,KTA.AX
asx,KTE.AX
asx,KYK.AX
asx,KZA.AX
asx,KZR.AX
asx,LAA.AX
asx,LAM.AX
asx,LAU.AX
asx,LBL.AX
asx,LBT.AX
asx,LCA.AX
asx,LCD.AX
asx,LCE.AX
asx,LCK.AX
asx,LCM.AX
asx,LCR.AX
asx,LCT.AX
asx,LCY.AX
asx,LEG.AX
asx,LEP.AX
asx,LER.AX
asx,LEX.AX
asx,LFC.AX
asx,LFR.AX
asx,LGD.AX
asx,LGR.AX
asx,LHB.AX
asx,LHC.AX
asx,LHM.AX
asx,LI3.AX
asx,LIC.AX
asx,LIN.AX
asx,LIO.AX
asx,LIT.AX
asx,LKE.AX
asx,LKO.AX
asx,LLC.AX
asx,LLO.AX
asx,LMG.AX
asx,LML.AX
asx,LMW.AX
asx,LNG.AX
asx,LNK.AX
asx,LNU.AX
asx,LNY.AX
asx,LOM.AX
asx,LON.AX
asx,LOV.AX
asx,LPD.AX
asx,LPE.AX
asx,LPI.AX
asx,LPIN.AX
asx,LRM.AX
asx,LRS.AX
asx,LSH.AX
asx,LSN.AX
asx,LSR.AX
asx,LSX.AX
asx,LTR.AX
asx,LVE.AX
asx,LVH.AX
asx,LVT.AX
asx,LYC.AX
asx,LYCDA.AX
asx,LYL.AX
asx,M7T.AX
asx,MA1.AX
asx,MAG.AX
asx,MAH.AX
asx,MAI.AX
asx,MAQ.AX
asx,MAR.AX
asx,MAT.AX
asx,MAU.AX
asx,MAX.AX
asx,MAY.AX
asx,MBE.AX
asx,MBK.AX
asx,MBM.AX
asx,MBO.AX
asx,MCA.AX
asx,MCE.AX
asx,MCP.AX
asx,MCR.AX
asx,MCT.AX
asx,MCX.AX
asx,MCY.AX
asx,MDC.AX
asx,MDI.AX
asx,MDL.AX
asx,MDR.AX
asx,MDX.AX
asx,MEA.AX
asx,MEB.AX
asx,MEC.AX
asx,MED.AX
asx,MEI.AX
asx,MEL.AX
asx,MEM.AX
asx,MEP.AX
asx,MEQ.AX
asx,MEU.AX
asx,MEY.AX
asx,MEZ.AX
asx,MFD.AX
asx,MFF.AX
asx,MFG.AX
asx,MGC.AX
asx,MGE.AX
asx,MGG.AX
asx,MGL.AX
asx,MGP.AX
asx,MGR.AX
asx,MGT.AX
asx,MGU.AX
asx,MGV.AX
asx,MGX.AX
asx,MGZ.AX
asx,MHC.AX
asx,MHD.AX
asx,MHG.AX
asx,MHI.AX
asx,MHJ.AX
asx,MICH.AX
asx,MIH.AX
asx,MIL.AX
asx,MIN.AX
asx,MIR.AX
asx,MJC.AX
asx,MJP.AX
asx,MLA.AX
asx,MLB.AX
asx,MLD.AX
asx,MLI.AX
asx,MLM.AX
asx,MLS.AX
asx,MLT.AX
asx,MLX.AX
asx,MMI.AX
asx,MMJ.AX
asx,MML.AX
asx,MMR.AX
asx,MMS.AX
asx,MNB.AX
asx,MNC.AX
asx,MND.AX
asx,MNE.AX
asx,MNF.AX
asx,MNM.AX
asx,MNRS.AX
asx,MNS.AX
asx,MNW.AX
asx,MNY.AX
asx,MOAT.AX
asx,MOB.AX
asx,MOC.AX
asx,MOD.AX
asx,MOE.AX
asx,MONY.AX
asx,MOQ.AX
asx,MOT.AX
asx,MOX.AX
asx,MOY.AX
asx,MP1.AX
asx,MPE.AX
asx,MPL.AX
asx,MPO.AX
asx,MPP.AX
asx,MPW.AX
asx,MPX.AX
asx,MQA.AX
asx,MQG.AX
asx,MQR.AX
asx,MRC.AX
asx,MRD.AX
asx,MRG.AX
asx,MRL.AX
asx,MRM.AX
asx,MRN.AX
asx,MRP.AX
asx,MRQ.AX
asx,MRR.AX
asx,MRV.AX
asx,MSB.AX
asx,MSG.AX
asx,MSI.AX
asx,MSM.AX
asx,MSP.AX
asx,MSR.AX
asx,MSV.AX
asx,MTB.AX
asx,MTC.AX
asx,MTH.AX
asx,MTHDA.AX
asx,MTM.AX
asx,MTO.AX
asx,MTR.AX
asx,MTS.AX
asx,MUA.AX
asx,MUS.AX
asx,MVA.AX
asx,MVB.AX
asx,MVE.AX
asx,MVF.AX
asx,MVOL.AX
asx,MVP.AX
asx,MVR.AX
asx,MVS.AX
asx,MVT.AX
asx,MVW.AX
asx,MWR.AX
asx,MWY.AX
asx,MX1.AX
asx,MXC.AX
asx,MXI.AX
asx,MXR.AX
asx,MXT.AX
asx,MYE.AX
asx,MYL.AX
asx,MYO.AX
asx,MYQ.AX
asx,MYR.AX
asx,MYS.AX
asx,MYX.AX
asx,MZI.AX
asx,MZM.AX
asx,MZN.AX
asx,MZZ.AX
asx,N1H.AX
asx,N27.AX
asx,NAB.AX
asx,NAC.AX
asx,NAE.AX
asx,NAG.AX
asx,NAM.AX
asx,NAN.AX
asx,NBL.AX
asx,NC6.AX
asx,NCC.AX
asx,NCK.AX
asx,NCL.AX
asx,NCM.AX
asx,NCR.AX
asx,NCZ.AX
asx,NDQ.AX
asx,NEA.AX
asx,NEC.AX
asx,NET.AX
asx,NEU.AX
asx,NEUDA.AX
asx,NGE.AX
asx,NGI.AX
asx,NGY.AX
asx,NHC.AX
asx,NHF.AX
asx,NHL.AX
asx,NIU.AX
asx,NKP.AX
asx,NLI.AX
asx,NME.AX
asx,NML.AX
asx,NMS.AX
asx,NMT.AX
asx,NNW.AX
asx,NOR.AX
asx,NOV.AX
asx,NOX.AX
asx,NRT.AX
asx,NRTDA.AX
asx,NSE.AX
asx,NSL.AX
asx,NSR.AX
asx,NST.AX
asx,NSX.AX
asx,NTC.AX
asx,NTI.AX
asx,NTL.AX
asx,NTM.AX
asx,NTU.AX
asx,NUF.AX
asx,NUFN.AX
asx,NUH.AX
asx,NUS.AX
asx,NVL.AX
asx,NVO.AX
asx,NVT.AX
asx,NVX.AX
asx,NWE.AX
asx,NWF.AX
asx,NWH.AX
asx,NWL.AX
asx,NWS.AX
asx,NWZ.AX
asx,NXM.AX
asx,NXT.AX
asx,NZC.AX
asx,NZK.AX
asx,NZM.AX
asx,OAR.AX
asx,OBJ.AX
asx,OBL.AX
asx,OCA.AX
asx,OCC.AX
asx,OCL.AX
asx,OCP.AX
asx,ODM.AX
asx,ODY.AX
asx,OEC.AX
asx,OEL.AX
asx,OEQ.AX
asx,OEX.AX
asx,OFX.AX
asx,OGA.AX
asx,OGC.AX
asx,OGX.AX
asx,OHE.AX
asx,OIL.AX
asx,OKR.AX
asx,OKU.AX
asx,OLH.AX
asx,OLI.AX
asx,OLV.AX
asx,OMH.AX
asx,OML.AX
asx,OMT.AX
asx,ONE.AX
asx,ONT.AX
asx,OOK.AX
asx,OOO.AX
asx,OPG.AX
asx,OPN.AX
asx,OPT.AX
asx,ORA.AX
asx,ORE.AX
asx,ORG.AX
asx,ORI.AX
asx,ORL.AX
asx,ORM.AX
asx,ORN.AX
asx,ORR.AX
asx,OSH.AX
asx,OSL.AX
asx,OSP.AX
asx,OTI.AX
asx,OTW.AX
asx,OVH.AX
asx,OVL.AX
asx,OVN.AX
asx,OVR.AX
asx,OXX.AX
asx,OZF.AX
asx,OZG.AX
asx,OZL.AX
asx,OZR.AX
asx,PAA.AX
asx,PAB.AX
asx,PAC.AX
asx,PAF.AX
asx,PAI.AX
asx,PAK.AX
asx,PAN.AX
asx,PAR.AX
asx,PAXX.AX
asx,PBP.AX
asx,PBT.AX
asx,PBX.AX
asx,PCG.AX
asx,PCH.AX
asx,PCL.AX
asx,PDI.AX
asx,PDZ.AX
asx,PEA.AX
asx,PEC.AX
asx,PEK.AX
asx,PEL.AX
asx,PEN.AX
asx,PEP.AX
asx,PEX.AX
asx,PFG.AX
asx,PFM.AX
asx,PFP.AX
asx,PGC.AX
asx,PGF.AX
asx,PGH.AX
asx,PGI.AX
asx,PGM.AX
asx,PGO.AX
asx,PGR.AX
asx,PGS.AX
asx,PGY.AX
asx,PHI.AX
asx,PHK.AX
asx,PIC.AX
asx,PIL.AX
asx,PIO.AX
asx,PIQ.AX
asx,PIXX.AX
asx,PKA.AX
asx,PKO.AX
asx,PL8.AX
asx,PLG.AX
asx,PLH.AX
asx,PLL.AX
asx,PLS.AX
asx,PLUS.AX
asx,PLX.AX
asx,PM1.AX
asx,PMC.AX
asx,PME.AX
asx,PMP.AX
asx,PMV.AX
asx,PMY.AX
asx,PNC.AX
asx,PNI.AX
asx,PNL.AX
asx,PNN.AX
asx,PNR.AX
asx,PNV.AX
asx,PNW.AX
asx,PNX.AX
asx,POH.AX
asx,POP.AX
asx,POS.AX
asx,POU.AX
asx,POW.AX
asx,POZ.AX
asx,PPC.AX
asx,PPE.AX
asx,PPG.AX
asx,PPH.AX
asx,PPK.AX
asx,PPL.AX
asx,PPS.AX
asx,PPT.AX
asx,PPY.AX
asx,PRL.AX
asx,PRO.AX
asx,PRR.AX
asx,PRT.AX
asx,PRU.AX
asx,PRY.AX
asx,PSA.AX
asx,PSC.AX
asx,PSI.AX
asx,PSM.AX
asx,PSQ.AX
asx,PSY.AX
asx,PSZ.AX
asx,PTB.AX
asx,PTL.AX
asx,PTM.AX
asx,PTX.AX
asx,PUN.AX
asx,PUR.AX
asx,PVA.AX
asx,PVD.AX
asx,PVE.AX
asx,PVL.AX
asx,PWH.AX
asx,PWN.AX
asx,PXS.AX
asx,PXX.AX
asx,PYC.AX
asx,PZC.AX
asx,QAG.AX
asx,QAN.AX
asx,QAU.AX
asx,QBE.AX
asx,QBL.AX
asx,QCB.AX
asx,QFN.AX
asx,QFY.AX
asx,QGL.AX
asx,QHL.AX
asx,QIN.AX
asx,QIP.AX
asx,QMIX.AX
asx,QMN.AX
asx,QMS.AX
asx,QNL.AX
asx,QOZ.AX
asx,QPON.AX
asx,QRE.AX
asx,QSS.AX
asx,QTG.AX
asx,QTM.AX
asx,QUAL.AX
asx,QUB.AX
asx,QUE.AX
asx,QUR.AX
asx,QUS.AX
asx,QVE.AX
asx,R3D.AX
asx,RAC.AX
asx,RAN.AX
asx,RAP.AX
asx,RARI.AX
asx,RAW.AX
asx,RBD.AX
asx,RBL.AX
asx,RBO.AX
asx,RBR.AX
asx,RBX.AX
asx,RCB.AX
asx,RCE.AX
asx,RCG.AX
asx,RCO.AX
asx,RCP.AX
asx,RCR.AX
asx,RCT.AX
asx,RCW.AX
asx,RD1.AX
asx,RDF.AX
asx,RDG.AX
asx,RDH.AX
asx,RDM.AX
asx,RDS.AX
asx,RDV.AX
asx,REA.AX
asx,RED.AX
asx,REF.AX
asx,REG.AX
asx,REH.AX
asx,RENT.AX
asx,RES.AX
asx,REV.AX
asx,REX.AX
asx,REY.AX
asx,REZ.AX
asx,RFF.AX
asx,RFG.AX
asx,RFN.AX
asx,RFT.AX
asx,RFX.AX
asx,RGB.AX
asx,RGI.AX
asx,RGL.AX
asx,RGP.AX
asx,RGS.AX
asx,RHC.AX
asx,RHI.AX
asx,RHL.AX
asx,RHP.AX
asx,RHS.AX
asx,RHT.AX
asx,RIC.AX
asx,RIE.AX
asx,RIM.AX
asx,RIO.AX
asx,RIR.AX
asx,RKN.AX
asx,RLC.AX
asx,RLE.AX
asx,RMD.AX
asx,RMG.AX
asx,RMI.AX
asx,RMP.AX
asx,RMS.AX
asx,RMT.AX
asx,RMX.AX
asx,RND.AX
asx,RNE.AX
asx,RNL.AX
asx,RNO.AX
asx,RNT.AX
asx,RNU.AX
asx,RNY.AX
asx,ROBO.AX
asx,ROG.AX
asx,RPG.AX
asx,RRL.AX
asx,RRS.AX
asx,RSG.AX
asx,RSH.AX
asx,RSM.AX
asx,RTE.AX
asx,RTG.AX
asx,RTR.AX
asx,RUB.AX
asx,RUL.AX
asx,RVA.AX
asx,RVL.AX
asx,RVR.AX
asx,RVY.AX
asx,RWC.AX
asx,RWD.AX
asx,RXH.AX
asx,RXL.AX
asx,RXM.AX
asx,RXP.AX
asx,RYD.AX
asx,S2R.AX
asx,S32.AX
asx,SAN.AX
asx,SAR.AX
asx,SAS.AX
asx,SAU.AX
asx,SBB.AX
asx,SBI.AX
asx,SBM.AX
asx,SBR.AX
asx,SBU.AX
asx,SCG.AX
asx,SCI.AX
asx,SCL.AX
asx,SCO.AX
asx,SCP.AX
asx,SCT.AX
asx,SCU.AX
asx,SDA.AX
asx,SDF.AX
asx,SDG.AX
asx,SDI.AX
asx,SDL.AX
asx,SDV.AX
asx,SDX.AX
asx,SE1.AX
asx,SEA.AX
asx,SEG.AX
asx,SEH.AX
asx,SEK.AX
asx,SEN.AX
asx,SEQ.AX
asx,SER.AX
asx,SES.AX
asx,SFC.AX
asx,SFG.AX
asx,SFH.AX
asx,SFI.AX
asx,SFL.AX
asx,SFM.AX
asx,SFR.AX
asx,SFX.AX
asx,SFY.AX
asx,SGC.AX
asx,SGF.AX
asx,SGH.AX
asx,SGM.AX
asx,SGP.AX
asx,SGQ.AX
asx,SGR.AX
asx,SGU.AX
asx,SHH.AX
asx,SHJ.AX
asx,SHK.AX
asx,SHL.AX
asx,SHM.AX
asx,SHO.AX
asx,SHV.AX
asx,SIE.AX
asx,SIG.AX
asx,SIH.AX
asx,SIO.AX
asx,SIQ.AX
asx,SIT.AX
asx,SIV.AX
asx,SIX.AX
asx,SKC.AX
asx,SKF.AX
asx,SKI.AX
asx,SKN.AX
asx,SKS.AX
asx,SKT.AX
asx,SLC.AX
asx,SLF.AX
asx,SLK.AX
asx,SLM.AX
asx,SLR.AX
asx,SLX.AX
asx,SM1.AX
asx,SM8.AX
asx,SMA.AX
asx,SMC.AX
asx,SMD.AX
asx,SMI.AX
asx,SMLL.AX
asx,SMM.AX
asx,SMN.AX
asx,SMP.AX
asx,SMR.AX
asx,SNC.AX
asx,SND.AX
asx,SNL.AX
asx,SNS.AX
asx,SNZ.AX
asx,SO4.AX
asx,SOL.AX
asx,SOM.AX
asx,SOP.AX
asx,SOR.AX
asx,SP1.AX
asx,SP3.AX
asx,SPB.AX
asx,SPI.AX
asx,SPK.AX
asx,SPL.AX
asx,SPO.AX
asx,SPQ.AX
asx,SPX.AX
asx,SPY.AX
asx,SPZ.AX
asx,SRG.AX
asx,SRH.AX
asx,SRI.AX
asx,SRK.AX
asx,SRN.AX
asx,SRO.AX
asx,SRS.AX
asx,SRV.AX
asx,SRX.AX
asx,SRY.AX
asx,SRZ.AX
asx,SSG.AX
asx,SSL.AX
asx,SSM.AX
asx,SSN.AX
asx,SSO.AX
asx,SST.AX
asx,ST1.AX
asx,STA.AX
asx,STM.AX
asx,STO.AX
asx,STW.AX
asx,STX.AX
asx,SUD.AX
asx,SUH.AX
asx,SUL.AX
asx,SUM.AX
asx,SUN.AX
asx,SUR.AX
asx,SVA.AX
asx,SVH.AX
asx,SVL.AX
asx,SVM.AX
asx,SVS.AX
asx,SVT.AX
asx,SVW.AX
asx,SVY.AX
asx,SW1.AX
asx,SWF.AX
asx,SWJ.AX
asx,SWK.AX
asx,SWM.AX
asx,SWTZ.AX
asx,SXA.AX
asx,SXE.AX
asx,SXI.AX
asx,SXL.AX
asx,SXX.AX
asx,SXY.AX
asx,SYA.AX
asx,SYD.AX
asx,SYI.AX
asx,SYR.AX
asx,SYS.AX
asx,SYT.AX
asx,SZG.AX
asx,T3D.AX
asx,TAG.AX
asx,TAH.AX
asx,TAM.AX
asx,TAP.AX
asx,TAR.AX
asx,TAS.AX
asx,TAU.AX
asx,TAW.AX
asx,TB8.AX
asx,TBH.AX
asx,TBR.AX
asx,TCL.AX
asx,TCN.AX
asx,TCO.AX
asx,TDL.AX
asx,TDO.AX
asx,TECH.AX
asx,TEG.AX
asx,TEK.AX
asx,TER.AX
asx,TEX.AX
asx,TFG.AX
asx,TFL.AX
asx,TGA.AX
asx,TGG.AX
asx,TGH.AX
asx,TGN.AX
asx,TGP.AX
asx,TGR.AX
asx,THC.AX
asx,THD.AX
asx,THR.AX
asx,THX.AX
asx,TIA.AX
asx,TIAE.AX
asx,TIG.AX
asx,TIL.AX
asx,TIN.AX
asx,TKF.AX
asx,TKL.AX
asx,TKM.AX
asx,TLG.AX
asx,TLM.AX
asx,TLS.AX
asx,TLT.AX
asx,TLX.AX
asx,TME.AX
asx,TMK.AX
asx,TML.AX
asx,TMP.AX
asx,TMT.AX
asx,TMX.AX
asx,TMZ.AX
asx,TNE.AX
asx,TNG.AX
asx,TNK.AX
asx,TNO.AX
asx,TNP.AX
asx,TNR.AX
asx,TNT.AX
asx,TNY.AX
asx,TOE.AX
asx,TOM.AX
asx,TON.AX
asx,TOP.AX
asx,TOT.AX
asx,TOU.AX
asx,TOX.AX
asx,TPC.AX
asx,TPD.AX
asx,TPE.AX
asx,TPM.AX
asx,TPO.AX
asx,TPON.AX
asx,TPP.AX
asx,TPS.AX
asx,TPW.AX
asx,TRA.AX
asx,TRL.AX
asx,TRM.AX
asx,TRS.AX
asx,TRT.AX
asx,TRY.AX
asx,TSN.AX
asx,TTA.AX
asx,TTC.AX
asx,TTI.AX
asx,TTL.AX
asx,TTM.AX
asx,TTS.AX
asx,TTT.AX
asx,TTW.AX
asx,TUP.AX
asx,TV2.AX
asx,TWD.AX
asx,TWE.AX
asx,TWR.AX
asx,TYK.AX
asx,TYX.AX
asx,TZL.AX
asx,TZN.AX
asx,UBA.AX
asx,UBE.AX
asx,UBI.AX
asx,UBJ.AX
asx,UBN.AX
asx,UBP.AX
asx,UBU.AX
asx,UBW.AX
asx,UCM.AX
asx,UCW.AX
asx,UEQ.AX
asx,UIL.AX
asx,UMAX.AX
asx,UNL.AX
asx,UNV.AX
asx,UOS.AX
asx,UPD.AX
asx,URB.AX
asx,URF.AX
asx,USA.AX
asx,USD.AX
asx,USF.AX
asx,USG.AX
asx,USP.AX
asx,USR.AX
asx,UTR.AX
asx,UUL.AX
asx,UUV.AX
asx,VACF.AX
asx,VAE.AX
asx,VAF.AX
asx,VAH.AX
asx,VAL.AX
asx,VAN.AX
asx,VAP.AX
asx,VAR.AX
asx,VAS.AX
asx,VBND.AX
asx,VBS.AX
asx,VCF.AX
asx,VCX.AX
asx,VDBA.AX
asx,VDCO.AX
asx,VDGR.AX
asx,VDHG.AX
asx,VEC.AX
asx,VEE.AX
asx,VEQ.AX
asx,VEU.AX
asx,VG1.AX
asx,VGAD.AX
asx,VGB.AX
asx,VGE.AX
asx,VGL.AX
asx,VGLDA.AX
asx,VGS.AX
asx,VHT.AX
asx,VHY.AX
asx,VIA.AX
asx,VIC.AX
asx,VIF.AX
asx,VIG.AX
asx,VII.AX
asx,VIP.AX
asx,VIV.AX
asx,VKA.AX
asx,VLA.AX
asx,VLC.AX
asx,VLS.AX
asx,VLT.AX
asx,VLW.AX
asx,VMC.AX
asx,VMG.AX
asx,VML.AX
asx,VMS.AX
asx,VMT.AX
asx,VMX.AX
asx,VMY.AX
asx,VOC.AX
asx,VP7.AX
asx,VPC.AX
asx,VPR.AX
asx,VRC.AX
asx,VRL.AX
asx,VRM.AX
asx,VRS.AX
asx,VRT.AX
asx,VRX.AX
asx,VSO.AX
asx,VTG.AX
asx,VTI.AX
asx,VTS.AX
asx,VVR.AX
asx,VXR.AX
asx,WAA.AX
asx,WAF.AX
asx,WAM.AX
asx,WAT.AX
asx,WAX.AX
asx,WBA.AX
asx,WBC.AX
asx,WBE.AX
asx,WBT.AX
asx,WCN.AX
asx,WDE.AX
asx,WDIV.AX
asx,WDMF.AX
asx,WEB.AX
asx,WEC.AX
asx,WEL.AX
asx,WEMG.AX
asx,WES.AX
asx,WFD.AX
asx,WFE.AX
asx,WGF.AX
asx,WGL.AX
asx,WGX.AX
asx,WHA.AX
asx,WHC.AX
asx,WHF.AX
asx,WIC.AX
asx,WKT.AX
asx,WLC.AX
asx,WLD.AX
asx,WLE.AX
asx,WLEN.AX
asx,WLF.AX
asx,WLL.AX
asx,WMC.AX
asx,WMI.AX
asx,WMK.AX
asx,WND.AX
asx,WNR.AX
asx,WOR.AX
asx,WOW.AX
asx,WPG.AX
asx,WPL.AX
asx,WPP.AX
asx,WQW.AX
asx,WRG.AX
asx,WRGDA.AX
asx,WRLD.AX
asx,WRM.AX
asx,WRR.AX
asx,WSA.AX
asx,WSI.AX
asx,WTC.AX
asx,WTP.AX
asx,WVOL.AX
asx,WWI.AX
asx,WXHG.AX
asx,WXOZ.AX
asx,XAM.AX
asx,XF1.AX
asx,XIP.AX
asx,XPE.AX
asx,XRF.AX
asx,XRO.AX
asx,XST.AX
asx,XTD.AX
asx,XTE.AX
asx,YAL.AX
asx,YANK.AX
asx,YBR.AX
asx,YMAX.AX
asx,YNB.AX
asx,YOJ.AX
asx,YOW.AX
asx,YPB.AX
asx,ZCNH.AX
asx,ZEL.AX
asx,ZEN.AX
asx,ZER.AX
asx,ZEU.AX
asx,ZGL.AX
asx,ZGOL.AX
asx,ZIM.AX
asx,ZIP.AX
asx,ZLD.AX
asx,ZMI.AX
asx,ZML.AX
asx,ZNC.AX
asx,ZNO.AX
asx,ZNT.AX
asx,ZOZI.AX
asx,ZUSD.AX
asx,ZYAU.AX
asx,ZYB.AX
asx,ZYUS.AX
