,0,1,2
0,asx,1AD,AUD
1,asx,1AG,AUD
2,asx,1AL,AUD
3,asx,1ST,AUD
4,asx,3DP,AUD
5,asx,3PL,AUD
6,asx,4CE,AUD
7,asx,4DS,AUD
8,asx,4WD,AUD
9,asx,88E,AUD
10,asx,8CO,AUD
11,asx,8EC,AUD
12,asx,8IH,AUD
13,asx,9SP,AUD
14,asx,A2M,AUD
15,asx,A3D,AUD
16,asx,AAA,AUD
17,asx,AAC,AUD
18,asx,AAD,AUD
19,asx,AAJ,AUD
20,asx,AAP,AUD
21,asx,AAR,AUD
22,asx,AAU,AUD
23,asx,AB1,AUD
24,asx,ABA,AUD
25,asx,ABC,AUD
26,asx,ABL,AUD
27,asx,ABP,AUD
28,asx,ABR,AUD
29,asx,ABT,AUD
30,asx,ABU,AUD
31,asx,ABV,AUD
32,asx,ABW,AUD
33,asx,ABX,AUD
34,asx,AC8,AUD
35,asx,ACB,AUD
36,asx,ACG,AUD
37,asx,ACK,AUD
38,asx,ACL,AUD
39,asx,ACP,AUD
40,asx,ACQ,AUD
41,asx,ACR,AUD
42,asx,ACS,AUD
43,asx,ACW,AUD
44,asx,ACX,AUD
45,asx,AD1,AUD
46,asx,AD8,AUD
47,asx,ADA,AUD
48,asx,ADD,AUD
49,asx,ADH,AUD
50,asx,ADJ,AUD
51,asx,ADN,AUD
52,asx,ADO,AUD
53,asx,ADR,AUD
54,asx,ADV,AUD
55,asx,ADX,AUD
56,asx,ADY,AUD
57,asx,AEB,AUD
58,asx,AEE,AUD
59,asx,AEF,AUD
60,asx,AEG,AUD
61,asx,AEGN,AUD
62,asx,AEI,AUD
63,asx,AER,AUD
64,asx,AEV,AUD
65,asx,AFA,AUD
66,asx,AFG,AUD
67,asx,AFI,AUD
68,asx,AFP,AUD
69,asx,AFR,AUD
70,asx,AFT,AUD
71,asx,AGD,AUD
72,asx,AGE,AUD
73,asx,AGG,AUD
74,asx,AGI,AUD
75,asx,AGJ,AUD
76,asx,AGL,AUD
77,asx,AGO,AUD
78,asx,AGR,AUD
79,asx,AGS,AUD
80,asx,AHF,AUD
81,asx,AHG,AUD
82,asx,AHK,AUD
83,asx,AHL,AUD
84,asx,AHN,AUD
85,asx,AHQ,AUD
86,asx,AHR,AUD
87,asx,AHX,AUD
88,asx,AHY,AUD
89,asx,AHZ,AUD
90,asx,AIA,AUD
91,asx,AIB,AUD
92,asx,AIQ,AUD
93,asx,AIR,AUD
94,asx,AIS,AUD
95,asx,AIV,AUD
96,asx,AIY,AUD
97,asx,AIZ,AUD
98,asx,AJC,AUD
99,asx,AJD,AUD
100,asx,AJJ,AUD
101,asx,AJL,AUD
102,asx,AJM,AUD
103,asx,AJQ,AUD
104,asx,AJX,AUD
105,asx,AKF,AUD
106,asx,AKG,AUD
107,asx,AKM,AUD
108,asx,AKN,AUD
109,asx,AKP,AUD
110,asx,AL8,AUD
111,asx,ALC,AUD
112,asx,ALF,AUD
113,asx,ALI,AUD
114,asx,ALK,AUD
115,asx,ALL,AUD
116,asx,ALQ,AUD
117,asx,ALR,AUD
118,asx,ALT,AUD
119,asx,ALU,AUD
120,asx,ALY,AUD
121,asx,AMA,AUD
122,asx,AMB,AUD
123,asx,AMC,AUD
124,asx,AME,AUD
125,asx,AMG,AUD
126,asx,AMH,AUD
127,asx,AMI,AUD
128,asx,AML,AUD
129,asx,AMN,AUD
130,asx,AMO,AUD
131,asx,AMP,AUD
132,asx,AMT,AUD
133,asx,ANG,AUD
134,asx,ANL,AUD
135,asx,ANN,AUD
136,asx,ANO,AUD
137,asx,ANP,AUD
138,asx,ANR,AUD
139,asx,ANW,AUD
140,asx,ANZ,AUD
141,asx,AO1,AUD
142,asx,AOA,AUD
143,asx,AOD,AUD
144,asx,AOF,AUD
145,asx,AOG,AUD
146,asx,AOH,AUD
147,asx,AOK,AUD
148,asx,AON,AUD
149,asx,AOP,AUD
150,asx,AOU,AUD
151,asx,AOW,AUD
152,asx,APA,AUD
153,asx,APC,AUD
154,asx,APD,AUD
155,asx,APE,AUD
156,asx,APG,AUD
157,asx,API,AUD
158,asx,APL,AUD
159,asx,APO,AUD
160,asx,APT,AUD
161,asx,APW,AUD
162,asx,APX,AUD
163,asx,APZ,AUD
164,asx,AQC,AUD
165,asx,AQD,AUD
166,asx,AQF,AUD
167,asx,AQG,AUD
168,asx,AQI,AUD
169,asx,AQQ,AUD
170,asx,AQS,AUD
171,asx,AQX,AUD
172,asx,AQZ,AUD
173,asx,AR1,AUD
174,asx,ARA,AUD
175,asx,ARB,AUD
176,asx,ARC,AUD
177,asx,ARD,AUD
178,asx,ARE,AUD
179,asx,ARF,AUD
180,asx,ARG,AUD
181,asx,ARL,AUD
182,asx,ARM,AUD
183,asx,ARO,AUD
184,asx,ARS,AUD
185,asx,ARU,AUD
186,asx,ARV,AUD
187,asx,ARX,AUD
188,asx,ASB,AUD
189,asx,ASG,AUD
190,asx,ASH,AUD
191,asx,ASL,AUD
192,asx,ASN,AUD
193,asx,ASP,AUD
194,asx,AST,AUD
195,asx,ASW,AUD
196,asx,ASX,AUD
197,asx,ATC,AUD
198,asx,ATL,AUD
199,asx,ATM,AUD
200,asx,ATP,AUD
201,asx,ATR,AUD
202,asx,ATS,AUD
203,asx,ATT,AUD
204,asx,ATU,AUD
205,asx,AU1,AUD
206,asx,AU8,AUD
207,asx,AUB,AUD
208,asx,AUC,AUD
209,asx,AUDS,AUD
210,asx,AUF,AUD
211,asx,AUH,AUD
212,asx,AUI,AUD
213,asx,AUMF,AUD
214,asx,AUP,AUD
215,asx,AUQ,AUD
216,asx,AUR,AUD
217,asx,AUST,AUD
218,asx,AUZ,AUD
219,asx,AVB,AUD
220,asx,AVD,AUD
221,asx,AVG,AUD
222,asx,AVH,AUD
223,asx,AVJ,AUD
224,asx,AVL,AUD
225,asx,AVN,AUD
226,asx,AVQ,AUD
227,asx,AVW,AUD
228,asx,AVZ,AUD
229,asx,AWC,AUD
230,asx,AWE,AUD
231,asx,AWN,AUD
232,asx,AWQ,AUD
233,asx,AWV,AUD
234,asx,AWY,AUD
235,asx,AXE,AUD
236,asx,AXI,AUD
237,asx,AXL,AUD
238,asx,AXP,AUD
239,asx,AXT,AUD
240,asx,AYF,AUD
241,asx,AYI,AUD
242,asx,AYJ,AUD
243,asx,AYK,AUD
244,asx,AYM,AUD
245,asx,AYR,AUD
246,asx,AYS,AUD
247,asx,AYZ,AUD
248,asx,AZJ,AUD
249,asx,AZM,AUD
250,asx,AZS,AUD
251,asx,AZV,AUD
252,asx,AZY,AUD
253,asx,BAF,AUD
254,asx,BAL,AUD
255,asx,BAP,AUD
256,asx,BAR,AUD
257,asx,BAS,AUD
258,asx,BAT,AUD
259,asx,BAU,AUD
260,asx,BBG,AUD
261,asx,BBL,AUD
262,asx,BBN,AUD
263,asx,BBOZ,AUD
264,asx,BBUS,AUD
265,asx,BCB,AUD
266,asx,BCI,AUD
267,asx,BCK,AUD
268,asx,BCN,AUD
269,asx,BCT,AUD
270,asx,BD1,AUD
271,asx,BDA,AUD
272,asx,BDI,AUD
273,asx,BDR,AUD
274,asx,BEAR,AUD
275,asx,BEE,AUD
276,asx,BEL,AUD
277,asx,BEN,AUD
278,asx,BFC,AUD
279,asx,BFG,AUD
280,asx,BGA,AUD
281,asx,BGH,AUD
282,asx,BGS,AUD
283,asx,BHD,AUD
284,asx,BHL,AUD
285,asx,BHP,AUD
286,asx,BID,AUD
287,asx,BIG,AUD
288,asx,BILL,AUD
289,asx,BIN,AUD
290,asx,BIQ,AUD
291,asx,BIS,AUD
292,asx,BIT,AUD
293,asx,BKI,AUD
294,asx,BKL,AUD
295,asx,BKP,AUD
296,asx,BKT,AUD
297,asx,BKW,AUD
298,asx,BKY,AUD
299,asx,BLA,AUD
300,asx,BLD,AUD
301,asx,BLG,AUD
302,asx,BLK,AUD
303,asx,BLT,AUD
304,asx,BLX,AUD
305,asx,BLY,AUD
306,asx,BLZ,AUD
307,asx,BMG,AUD
308,asx,BML,AUD
309,asx,BMN,AUD
310,asx,BMP,AUD
311,asx,BMT,AUD
312,asx,BMZ,AUD
313,asx,BNKS,AUD
314,asx,BNO,AUD
315,asx,BNR,AUD
316,asx,BOA,AUD
317,asx,BOC,AUD
318,asx,BOE,AUD
319,asx,BOL,AUD
320,asx,BOND,AUD
321,asx,BOQ,AUD
322,asx,BOT,AUD
323,asx,BPF,AUD
324,asx,BPG,AUD
325,asx,BPH,AUD
326,asx,BPL,AUD
327,asx,BPS,AUD
328,asx,BPT,AUD
329,asx,BRB,AUD
330,asx,BRC,AUD
331,asx,BRG,AUD
332,asx,BRI,AUD
333,asx,BRK,AUD
334,asx,BRL,AUD
335,asx,BRN,AUD
336,asx,BRU,AUD
337,asx,BSA,AUD
338,asx,BSE,AUD
339,asx,BSL,AUD
340,asx,BSM,AUD
341,asx,BSP,AUD
342,asx,BSR,AUD
343,asx,BST,AUD
344,asx,BSX,AUD
345,asx,BTC,AUD
346,asx,BTH,AUD
347,asx,BTI,AUD
348,asx,BTT,AUD
349,asx,BUB,AUD
350,asx,BUD,AUD
351,asx,BUG,AUD
352,asx,BUL,AUD
353,asx,BUX,AUD
354,asx,BUY,AUD
355,asx,BVS,AUD
356,asx,BWF,AUD
357,asx,BWP,AUD
358,asx,BWR,AUD
359,asx,BWX,AUD
360,asx,BXB,AUD
361,asx,BXN,AUD
362,asx,BYE,AUD
363,asx,BYH,AUD
364,asx,BYI,AUD
365,asx,CA8,AUD
366,asx,CAA,AUD
367,asx,CAB,AUD
368,asx,CAE,AUD
369,asx,CAF,AUD
370,asx,CAI,AUD
371,asx,CAJ,AUD
372,asx,CAM,AUD
373,asx,CAN,AUD
374,asx,CAP,AUD
375,asx,CAQ,AUD
376,asx,CAR,AUD
377,asx,CAT,AUD
378,asx,CAV,AUD
379,asx,CAY,AUD
380,asx,CAZ,AUD
381,asx,CBA,AUD
382,asx,CBC,AUD
383,asx,CBL,AUD
384,asx,CCA,AUD
385,asx,CCE,AUD
386,asx,CCH,AUD
387,asx,CCJ,AUD
388,asx,CCL,AUD
389,asx,CCP,AUD
390,asx,CCV,AUD
391,asx,CCZ,AUD
392,asx,CDA,AUD
393,asx,CDC,AUD
394,asx,CDD,AUD
395,asx,CDH,AUD
396,asx,CDM,AUD
397,asx,CDP,AUD
398,asx,CDT,AUD
399,asx,CDU,AUD
400,asx,CDV,AUD
401,asx,CDY,AUD
402,asx,CE1,AUD
403,asx,CEL,AUD
404,asx,CEN,AUD
405,asx,CETF,AUD
406,asx,CFE,AUD
407,asx,CFO,AUD
408,asx,CGA,AUD
409,asx,CGC,AUD
410,asx,CGF,AUD
411,asx,CGL,AUD
412,asx,CGM,AUD
413,asx,CGN,AUD
414,asx,CGO,AUD
415,asx,CGR,AUD
416,asx,CGS,AUD
417,asx,CHC,AUD
418,asx,CHK,AUD
419,asx,CHN,AUD
420,asx,CHP,AUD
421,asx,CHR,AUD
422,asx,CHZ,AUD
423,asx,CIA,AUD
424,asx,CIE,AUD
425,asx,CII,AUD
426,asx,CIM,AUD
427,asx,CIN,AUD
428,asx,CIO,AUD
429,asx,CIP,AUD
430,asx,CIW,AUD
431,asx,CKA,AUD
432,asx,CKF,AUD
433,asx,CL1,AUD
434,asx,CL8,AUD
435,asx,CLA,AUD
436,asx,CLH,AUD
437,asx,CLI,AUD
438,asx,CLL,AUD
439,asx,CLQ,AUD
440,asx,CLT,AUD
441,asx,CLV,AUD
442,asx,CLW,AUD
443,asx,CLX,AUD
444,asx,CLY,AUD
445,asx,CLZ,AUD
446,asx,CM8,AUD
447,asx,CMA,AUD
448,asx,CMC,AUD
449,asx,CMI,AUD
450,asx,CMM,AUD
451,asx,CMP,AUD
452,asx,CMW,AUD
453,asx,CND,AUD
454,asx,CNI,AUD
455,asx,CNJ,AUD
456,asx,CNQ,AUD
457,asx,CNU,AUD
458,asx,CNW,AUD
459,asx,CNX,AUD
460,asx,CO1,AUD
461,asx,COB,AUD
462,asx,COE,AUD
463,asx,COG,AUD
464,asx,COH,AUD
465,asx,COI,AUD
466,asx,COM,AUD
467,asx,COO,AUD
468,asx,CORE,AUD
469,asx,COY,AUD
470,asx,CP1,AUD
471,asx,CPH,AUD
472,asx,CPU,AUD
473,asx,CQG,AUD
474,asx,CQR,AUD
475,asx,CR8,AUD
476,asx,CRB,AUD
477,asx,CRL,AUD
478,asx,CRM,AUD
479,asx,CRR,AUD
480,asx,CSE,AUD
481,asx,CSL,AUD
482,asx,CSR,AUD
483,asx,CSS,AUD
484,asx,CSV,AUD
485,asx,CT1,AUD
486,asx,CTD,AUD
487,asx,CTE,AUD
488,asx,CTL,AUD
489,asx,CTM,AUD
490,asx,CTN,AUD
491,asx,CTO,AUD
492,asx,CTP,AUD
493,asx,CTX,AUD
494,asx,CUE,AUD
495,asx,CUL,AUD
496,asx,CUP,AUD
497,asx,CUV,AUD
498,asx,CUX,AUD
499,asx,CV1,AUD
500,asx,CVC,AUD
501,asx,CVN,AUD
502,asx,CVS,AUD
503,asx,CVT,AUD
504,asx,CVV,AUD
505,asx,CVW,AUD
506,asx,CWN,AUD
507,asx,CWP,AUD
508,asx,CWY,AUD
509,asx,CXM,AUD
510,asx,CXO,AUD
511,asx,CXU,AUD
512,asx,CXX,AUD
513,asx,CXZ,AUD
514,asx,CYA,AUD
515,asx,CYB,AUD
516,asx,CYC,AUD
517,asx,CYG,AUD
518,asx,CYL,AUD
519,asx,CYP,AUD
520,asx,CYQ,AUD
521,asx,CZA,AUD
522,asx,CZI,AUD
523,asx,CZL,AUD
524,asx,CZN,AUD
525,asx,CZR,AUD
526,asx,CZZ,AUD
527,asx,D13,AUD
528,asx,D2O,AUD
529,asx,DAF,AUD
530,asx,DAU,AUD
531,asx,DAV,AUD
532,asx,DCC,AUD
533,asx,DCG,AUD
534,asx,DCL,AUD
535,asx,DCN,AUD
536,asx,DDD,AUD
537,asx,DDR,AUD
538,asx,DDT,AUD
539,asx,DEG,AUD
540,asx,DEM,AUD
541,asx,DFM,AUD
542,asx,DGH,AUD
543,asx,DGO,AUD
544,asx,DGR,AUD
545,asx,DHR,AUD
546,asx,DIG,AUD
547,asx,DIV,AUD
548,asx,DJRE,AUD
549,asx,DJW,AUD
550,asx,DKM,AUD
551,asx,DLC,AUD
552,asx,DLX,AUD
553,asx,DM1,AUD
554,asx,DMC,AUD
555,asx,DME,AUD
556,asx,DMG,AUD
557,asx,DMI,AUD
558,asx,DMKT,AUD
559,asx,DMP,AUD
560,asx,DN8,AUD
561,asx,DNA,AUD
562,asx,DNK,AUD
563,asx,DOR,AUD
564,asx,DOW,AUD
565,asx,DRA,AUD
566,asx,DRG,AUD
567,asx,DRK,AUD
568,asx,DRM,AUD
569,asx,DRO,AUD
570,asx,DRUG,AUD
571,asx,DRX,AUD
572,asx,DSE,AUD
573,asx,DSX,AUD
574,asx,DTI,AUD
575,asx,DTL,AUD
576,asx,DTM,AUD
577,asx,DTR,AUD
578,asx,DTS,AUD
579,asx,DTZ,AUD
580,asx,DUB,AUD
581,asx,DUI,AUD
582,asx,DVL,AUD
583,asx,DVN,AUD
584,asx,DW8,AUD
585,asx,DWS,AUD
586,asx,DXB,AUD
587,asx,DXS,AUD
588,asx,DYL,AUD
589,asx,E2M,AUD
590,asx,EAI,AUD
591,asx,EAR,AUD
592,asx,EAS,AUD
593,asx,EAX,AUD
594,asx,EBG,AUD
595,asx,EBO,AUD
596,asx,ECG,AUD
597,asx,ECX,AUD
598,asx,EDC,AUD
599,asx,EDE,AUD
600,asx,EEG,AUD
601,asx,EEU,AUD
602,asx,EFE,AUD
603,asx,EGA,AUD
604,asx,EGD,AUD
605,asx,EGG,AUD
606,asx,EGH,AUD
607,asx,EGI,AUD
608,asx,EGL,AUD
609,asx,EGN,AUD
610,asx,EGY,AUD
611,asx,EHE,AUD
612,asx,EHH,AUD
613,asx,EHL,AUD
614,asx,EHX,AUD
615,asx,ELD,AUD
616,asx,ELK,AUD
617,asx,ELO,AUD
618,asx,ELS,AUD
619,asx,ELT,AUD
620,asx,ELX,AUD
621,asx,EMB,AUD
622,asx,EME,AUD
623,asx,EMF,AUD
624,asx,EMG,AUD
625,asx,EMH,AUD
626,asx,EML,AUD
627,asx,EMR,AUD
628,asx,EMU,AUD
629,asx,EMX,AUD
630,asx,ENA,AUD
631,asx,ENB,AUD
632,asx,ENC,AUD
633,asx,ENN,AUD
634,asx,ENR,AUD
635,asx,ENT,AUD
636,asx,ENX,AUD
637,asx,ENZ,AUD
638,asx,EOL,AUD
639,asx,EOR,AUD
640,asx,EOS,AUD
641,asx,EPD,AUD
642,asx,EPM,AUD
643,asx,EPT,AUD
644,asx,EPW,AUD
645,asx,EQE,AUD
646,asx,EQT,AUD
647,asx,EQX,AUD
648,asx,ERA,AUD
649,asx,ERF,AUD
650,asx,ERL,AUD
651,asx,ERM,AUD
652,asx,ESE,AUD
653,asx,ESH,AUD
654,asx,ESI,AUD
655,asx,ESK,AUD
656,asx,ESR,AUD
657,asx,ESTX,AUD
658,asx,ESV,AUD
659,asx,ETE,AUD
660,asx,ETF,AUD
661,asx,ETHI,AUD
662,asx,EUC,AUD
663,asx,EUR,AUD
664,asx,EVE,AUD
665,asx,EVN,AUD
666,asx,EVO,AUD
667,asx,EVS,AUD
668,asx,EVT,AUD
669,asx,EVZ,AUD
670,asx,EWC,AUD
671,asx,EX20,AUD
672,asx,EXG,AUD
673,asx,EXO,AUD
674,asx,EXP,AUD
675,asx,EXR,AUD
676,asx,EXU,AUD
677,asx,EYM,AUD
678,asx,EZL,AUD
679,asx,FAR,AUD
680,asx,FBR,AUD
681,asx,FBU,AUD
682,asx,FCR,AUD
683,asx,FCT,AUD
684,asx,FDIV,AUD
685,asx,FDM,AUD
686,asx,FDV,AUD
687,asx,FE8,AUD
688,asx,FEI,AUD
689,asx,FEL,AUD
690,asx,FET,AUD
691,asx,FFC,AUD
692,asx,FFG,AUD
693,asx,FFI,AUD
694,asx,FFT,AUD
695,asx,FGF,AUD
696,asx,FGG,AUD
697,asx,FGR,AUD
698,asx,FGX,AUD
699,asx,FHS,AUD
700,asx,FID,AUD
701,asx,FIG,AUD
702,asx,FLC,AUD
703,asx,FLK,AUD
704,asx,FLN,AUD
705,asx,FLOT,AUD
706,asx,FLT,AUD
707,asx,FMG,AUD
708,asx,FML,AUD
709,asx,FMS,AUD
710,asx,FND,AUD
711,asx,FNP,AUD
712,asx,FNT,AUD
713,asx,FOD,AUD
714,asx,FOOD,AUD
715,asx,FOR,AUD
716,asx,FPC,AUD
717,asx,FPH,AUD
718,asx,FPL,AUD
719,asx,FPP,AUD
720,asx,FRC,AUD
721,asx,FRI,AUD
722,asx,FRM,AUD
723,asx,FRN,AUD
724,asx,FRX,AUD
725,asx,FSA,AUD
726,asx,FSF,AUD
727,asx,FSG,AUD
728,asx,FSI,AUD
729,asx,FTT,AUD
730,asx,FTZ,AUD
731,asx,FUEL,AUD
732,asx,FUN,AUD
733,asx,FWD,AUD
734,asx,FXJ,AUD
735,asx,FXL,AUD
736,asx,FYA,AUD
737,asx,FYI,AUD
738,asx,FZO,AUD
739,asx,FZR,AUD
740,asx,G1A,AUD
741,asx,G88,AUD
742,asx,GAP,AUD
743,asx,GAS,AUD
744,asx,GBE,AUD
745,asx,GBG,AUD
746,asx,GBI,AUD
747,asx,GBM,AUD
748,asx,GBP,AUD
749,asx,GBR,AUD
750,asx,GBT,AUD
751,asx,GBZ,AUD
752,asx,GC1,AUD
753,asx,GCM,AUD
754,asx,GCR,AUD
755,asx,GCS,AUD
756,asx,GCY,AUD
757,asx,GDF,AUD
758,asx,GDI,AUD
759,asx,GDX,AUD
760,asx,GEAR,AUD
761,asx,GED,AUD
762,asx,GEM,AUD
763,asx,GES,AUD
764,asx,GEV,AUD
765,asx,GFI,AUD
766,asx,GFL,AUD
767,asx,GFY,AUD
768,asx,GGE,AUD
769,asx,GGG,AUD
770,asx,GGH,AUD
771,asx,GGL,AUD
772,asx,GGUS,AUD
773,asx,GGX,AUD
774,asx,GID,AUD
775,asx,GLA,AUD
776,asx,GLB,AUD
777,asx,GLE,AUD
778,asx,GLF,AUD
779,asx,GLH,AUD
780,asx,GLIN,AUD
781,asx,GLL,AUD
782,asx,GMA,AUD
783,asx,GMC,AUD
784,asx,GMD,AUD
785,asx,GME,AUD
786,asx,GMG,AUD
787,asx,GMN,AUD
788,asx,GMR,AUD
789,asx,GMV,AUD
790,asx,GMY,AUD
791,asx,GNC,AUD
792,asx,GNE,AUD
793,asx,GNG,AUD
794,asx,GNX,AUD
795,asx,GO2,AUD
796,asx,GOO,AUD
797,asx,GOR,AUD
798,asx,GOVT,AUD
799,asx,GOW,AUD
800,asx,GOZ,AUD
801,asx,GPP,AUD
802,asx,GPR,AUD
803,asx,GPS,AUD
804,asx,GPT,AUD
805,asx,GPX,AUD
806,asx,GRB,AUD
807,asx,GROW,AUD
808,asx,GRR,AUD
809,asx,GRV,AUD
810,asx,GSC,AUD
811,asx,GSL,AUD
812,asx,GSS,AUD
813,asx,GSW,AUD
814,asx,GTE,AUD
815,asx,GTG,AUD
816,asx,GTK,AUD
817,asx,GTN,AUD
818,asx,GTR,AUD
819,asx,GTY,AUD
820,asx,GUD,AUD
821,asx,GUL,AUD
822,asx,GVF,AUD
823,asx,GWA,AUD
824,asx,GWR,AUD
825,asx,GXL,AUD
826,asx,GXY,AUD
827,asx,GZL,AUD
828,asx,HACK,AUD
829,asx,HAR,AUD
830,asx,HAS,AUD
831,asx,HAV,AUD
832,asx,HAW,AUD
833,asx,HCH,AUD
834,asx,HCT,AUD
835,asx,HE8,AUD
836,asx,HEG,AUD
837,asx,HEUR,AUD
838,asx,HFA,AUD
839,asx,HFR,AUD
840,asx,HGL,AUD
841,asx,HGO,AUD
842,asx,HHM,AUD
843,asx,HHV,AUD
844,asx,HHY,AUD
845,asx,HIG,AUD
846,asx,HIL,AUD
847,asx,HIT,AUD
848,asx,HJPN,AUD
849,asx,HLO,AUD
850,asx,HLX,AUD
851,asx,HMO,AUD
852,asx,HMX,AUD
853,asx,HNG,AUD
854,asx,HNR,AUD
855,asx,HOM,AUD
856,asx,HOR,AUD
857,asx,HOT,AUD
858,asx,HPI,AUD
859,asx,HPR,AUD
860,asx,HRL,AUD
861,asx,HRN,AUD
862,asx,HRR,AUD
863,asx,HSN,AUD
864,asx,HSO,AUD
865,asx,HT1,AUD
866,asx,HT8,AUD
867,asx,HTA,AUD
868,asx,HUB,AUD
869,asx,HUO,AUD
870,asx,HVN,AUD
871,asx,HVST,AUD
872,asx,HWK,AUD
873,asx,HXG,AUD
874,asx,HZN,AUD
875,asx,HZR,AUD
876,asx,IAA,AUD
877,asx,IAB,AUD
878,asx,IAF,AUD
879,asx,IAG,AUD
880,asx,IAM,AUD
881,asx,IAU,AUD
882,asx,IBC,AUD
883,asx,IBG,AUD
884,asx,IBK,AUD
885,asx,IBN,AUD
886,asx,IBX,AUD
887,asx,ICG,AUD
888,asx,ICI,AUD
889,asx,ICN,AUD
890,asx,ICQ,AUD
891,asx,ICS,AUD
892,asx,ICT,AUD
893,asx,ICU,AUD
894,asx,IDA,AUD
895,asx,IDR,AUD
896,asx,IDT,AUD
897,asx,IDX,AUD
898,asx,IDZ,AUD
899,asx,IEC,AUD
900,asx,IEL,AUD
901,asx,IEM,AUD
902,asx,IEQ,AUD
903,asx,IEU,AUD
904,asx,IFL,AUD
905,asx,IFM,AUD
906,asx,IFN,AUD
907,asx,IFRA,AUD
908,asx,IFT,AUD
909,asx,IGB,AUD
910,asx,IGL,AUD
911,asx,IGO,AUD
912,asx,IHCB,AUD
913,asx,IHD,AUD
914,asx,IHEB,AUD
915,asx,IHHY,AUD
916,asx,IHK,AUD
917,asx,IHL,AUD
918,asx,IHOO,AUD
919,asx,IHS,AUD
920,asx,IHVV,AUD
921,asx,IHWL,AUD
922,asx,IIL,AUD
923,asx,IJH,AUD
924,asx,IJP,AUD
925,asx,IJR,AUD
926,asx,IKE,AUD
927,asx,IKO,AUD
928,asx,IKW,AUD
929,asx,ILB,AUD
930,asx,ILC,AUD
931,asx,ILU,AUD
932,asx,IMA,AUD
933,asx,IMC,AUD
934,asx,IMD,AUD
935,asx,IMF,AUD
936,asx,IMU,AUD
937,asx,INA,AUD
938,asx,ING,AUD
939,asx,INK,AUD
940,asx,INM,AUD
941,asx,INV,AUD
942,asx,IOD,AUD
943,asx,IOF,AUD
944,asx,IOG,AUD
945,asx,IOO,AUD
946,asx,IOT,AUD
947,asx,IOZ,AUD
948,asx,IP1,AUD
949,asx,IPB,AUD
950,asx,IPC,AUD
951,asx,IPD,AUD
952,asx,IPE,AUD
953,asx,IPH,AUD
954,asx,IPL,AUD
955,asx,IPT,AUD
956,asx,IQ3,AUD
957,asx,IRC,AUD
958,asx,IRD,AUD
959,asx,IRE,AUD
960,asx,IRI,AUD
961,asx,IRU,AUD
962,asx,IS3,AUD
963,asx,ISD,AUD
964,asx,ISEC,AUD
965,asx,ISG,AUD
966,asx,ISH,AUD
967,asx,ISO,AUD
968,asx,ISU,AUD
969,asx,ISX,AUD
970,asx,ITD,AUD
971,asx,ITL,AUD
972,asx,ITW,AUD
973,asx,IVC,AUD
974,asx,IVE,AUD
975,asx,IVO,AUD
976,asx,IVQ,AUD
977,asx,IVR,AUD
978,asx,IVT,AUD
979,asx,IVV,AUD
980,asx,IVX,AUD
981,asx,IWLD,AUD
982,asx,IXI,AUD
983,asx,IXJ,AUD
984,asx,IXP,AUD
985,asx,IZZ,AUD
986,asx,JAL,AUD
987,asx,JAT,AUD
988,asx,JBH,AUD
989,asx,JCI,AUD
990,asx,JCS,AUD
991,asx,JHC,AUD
992,asx,JHG,AUD
993,asx,JHL,AUD
994,asx,JHX,AUD
995,asx,JIN,AUD
996,asx,JIP,AUD
997,asx,JJF,AUD
998,asx,JKA,AUD
999,asx,JKL,AUD
1000,asx,JLG,AUD
1001,asx,JPR,AUD
1002,asx,JRL,AUD
1003,asx,JRV,AUD
1004,asx,JVG,AUD
1005,asx,JYC,AUD
1006,asx,K2F,AUD
1007,asx,K2P,AUD
1008,asx,KAI,AUD
1009,asx,KAM,AUD
1010,asx,KAR,AUD
1011,asx,KAS,AUD
1012,asx,KAT,AUD
1013,asx,KBC,AUD
1014,asx,KBU,AUD
1015,asx,KCN,AUD
1016,asx,KDR,AUD
1017,asx,KEY,AUD
1018,asx,KFE,AUD
1019,asx,KGD,AUD
1020,asx,KGL,AUD
1021,asx,KGM,AUD
1022,asx,KGN,AUD
1023,asx,KII,AUD
1024,asx,KIN,AUD
1025,asx,KIS,AUD
1026,asx,KKL,AUD
1027,asx,KKT,AUD
1028,asx,KLH,AUD
1029,asx,KLL,AUD
1030,asx,KLO,AUD
1031,asx,KLR,AUD
1032,asx,KMD,AUD
1033,asx,KME,AUD
1034,asx,KNH,AUD
1035,asx,KNL,AUD
1036,asx,KNM,AUD
1037,asx,KNO,AUD
1038,asx,KOV,AUD
1039,asx,KP2,AUD
1040,asx,KPC,AUD
1041,asx,KPG,AUD
1042,asx,KPL,AUD
1043,asx,KPO,AUD
1044,asx,KPT,AUD
1045,asx,KRC,AUD
1046,asx,KRL,AUD
1047,asx,KRS,AUD
1048,asx,KSC,AUD
1049,asx,KSL,AUD
1050,asx,KSM,AUD
1051,asx,KSN,AUD
1052,asx,KTA,AUD
1053,asx,KTE,AUD
1054,asx,KYK,AUD
1055,asx,KZR,AUD
1056,asx,LAA,AUD
1057,asx,LAM,AUD
1058,asx,LAU,AUD
1059,asx,LBL,AUD
1060,asx,LBT,AUD
1061,asx,LCA,AUD
1062,asx,LCD,AUD
1063,asx,LCE,AUD
1064,asx,LCK,AUD
1065,asx,LCM,AUD
1066,asx,LCR,AUD
1067,asx,LCT,AUD
1068,asx,LCY,AUD
1069,asx,LEG,AUD
1070,asx,LEP,AUD
1071,asx,LER,AUD
1072,asx,LEX,AUD
1073,asx,LFC,AUD
1074,asx,LFR,AUD
1075,asx,LGD,AUD
1076,asx,LGR,AUD
1077,asx,LHB,AUD
1078,asx,LHC,AUD
1079,asx,LHM,AUD
1080,asx,LI3,AUD
1081,asx,LIC,AUD
1082,asx,LIN,AUD
1083,asx,LIO,AUD
1084,asx,LIT,AUD
1085,asx,LKE,AUD
1086,asx,LKO,AUD
1087,asx,LLC,AUD
1088,asx,LLO,AUD
1089,asx,LMG,AUD
1090,asx,LML,AUD
1091,asx,LMW,AUD
1092,asx,LNG,AUD
1093,asx,LNK,AUD
1094,asx,LNU,AUD
1095,asx,LNY,AUD
1096,asx,LOM,AUD
1097,asx,LOV,AUD
1098,asx,LPD,AUD
1099,asx,LPE,AUD
1100,asx,LPI,AUD
1101,asx,LRS,AUD
1102,asx,LSH,AUD
1103,asx,LSR,AUD
1104,asx,LSX,AUD
1105,asx,LTR,AUD
1106,asx,LVE,AUD
1107,asx,LVH,AUD
1108,asx,LVT,AUD
1109,asx,LYC,AUD
1110,asx,LYL,AUD
1111,asx,M7T,AUD
1112,asx,MA1,AUD
1113,asx,MAG,AUD
1114,asx,MAH,AUD
1115,asx,MAI,AUD
1116,asx,MAQ,AUD
1117,asx,MAR,AUD
1118,asx,MAT,AUD
1119,asx,MAU,AUD
1120,asx,MAX,AUD
1121,asx,MAY,AUD
1122,asx,MBE,AUD
1123,asx,MBK,AUD
1124,asx,MBM,AUD
1125,asx,MBO,AUD
1126,asx,MCA,AUD
1127,asx,MCE,AUD
1128,asx,MCP,AUD
1129,asx,MCR,AUD
1130,asx,MCT,AUD
1131,asx,MCX,AUD
1132,asx,MCY,AUD
1133,asx,MDC,AUD
1134,asx,MDI,AUD
1135,asx,MDL,AUD
1136,asx,MDR,AUD
1137,asx,MDX,AUD
1138,asx,MEA,AUD
1139,asx,MEB,AUD
1140,asx,MEC,AUD
1141,asx,MED,AUD
1142,asx,MEI,AUD
1143,asx,MEL,AUD
1144,asx,MEM,AUD
1145,asx,MEP,AUD
1146,asx,MEQ,AUD
1147,asx,MEU,AUD
1148,asx,MEY,AUD
1149,asx,MEZ,AUD
1150,asx,MFD,AUD
1151,asx,MFF,AUD
1152,asx,MFG,AUD
1153,asx,MGC,AUD
1154,asx,MGE,AUD
1155,asx,MGG,AUD
1156,asx,MGL,AUD
1157,asx,MGP,AUD
1158,asx,MGR,AUD
1159,asx,MGT,AUD
1160,asx,MGU,AUD
1161,asx,MGV,AUD
1162,asx,MGX,AUD
1163,asx,MGZ,AUD
1164,asx,MHC,AUD
1165,asx,MHD,AUD
1166,asx,MHG,AUD
1167,asx,MHI,AUD
1168,asx,MHJ,AUD
1169,asx,MICH,AUD
1170,asx,MIH,AUD
1171,asx,MIL,AUD
1172,asx,MIN,AUD
1173,asx,MIR,AUD
1174,asx,MJC,AUD
1175,asx,MJP,AUD
1176,asx,MLA,AUD
1177,asx,MLB,AUD
1178,asx,MLD,AUD
1179,asx,MLM,AUD
1180,asx,MLS,AUD
1181,asx,MLT,AUD
1182,asx,MLX,AUD
1183,asx,MMI,AUD
1184,asx,MMJ,AUD
1185,asx,MML,AUD
1186,asx,MMR,AUD
1187,asx,MMS,AUD
1188,asx,MNB,AUD
1189,asx,MNC,AUD
1190,asx,MND,AUD
1191,asx,MNE,AUD
1192,asx,MNF,AUD
1193,asx,MNM,AUD
1194,asx,MNRS,AUD
1195,asx,MNS,AUD
1196,asx,MNW,AUD
1197,asx,MNY,AUD
1198,asx,MOAT,AUD
1199,asx,MOB,AUD
1200,asx,MOC,AUD
1201,asx,MOD,AUD
1202,asx,MOE,AUD
1203,asx,MONY,AUD
1204,asx,MOQ,AUD
1205,asx,MOT,AUD
1206,asx,MOX,AUD
1207,asx,MOY,AUD
1208,asx,MP1,AUD
1209,asx,MPE,AUD
1210,asx,MPL,AUD
1211,asx,MPO,AUD
1212,asx,MPP,AUD
1213,asx,MPW,AUD
1214,asx,MPX,AUD
1215,asx,MQA,AUD
1216,asx,MQG,AUD
1217,asx,MQR,AUD
1218,asx,MRC,AUD
1219,asx,MRD,AUD
1220,asx,MRG,AUD
1221,asx,MRL,AUD
1222,asx,MRM,AUD
1223,asx,MRN,AUD
1224,asx,MRP,AUD
1225,asx,MRQ,AUD
1226,asx,MRR,AUD
1227,asx,MRV,AUD
1228,asx,MSB,AUD
1229,asx,MSG,AUD
1230,asx,MSI,AUD
1231,asx,MSM,AUD
1232,asx,MSP,AUD
1233,asx,MSR,AUD
1234,asx,MSV,AUD
1235,asx,MTB,AUD
1236,asx,MTC,AUD
1237,asx,MTH,AUD
1238,asx,MTM,AUD
1239,asx,MTO,AUD
1240,asx,MTR,AUD
1241,asx,MTS,AUD
1242,asx,MUA,AUD
1243,asx,MUS,AUD
1244,asx,MVA,AUD
1245,asx,MVB,AUD
1246,asx,MVE,AUD
1247,asx,MVF,AUD
1248,asx,MVOL,AUD
1249,asx,MVP,AUD
1250,asx,MVR,AUD
1251,asx,MVS,AUD
1252,asx,MVT,AUD
1253,asx,MVW,AUD
1254,asx,MWR,AUD
1255,asx,MWY,AUD
1256,asx,MX1,AUD
1257,asx,MXC,AUD
1258,asx,MXI,AUD
1259,asx,MXR,AUD
1260,asx,MXT,AUD
1261,asx,MYE,AUD
1262,asx,MYL,AUD
1263,asx,MYO,AUD
1264,asx,MYQ,AUD
1265,asx,MYR,AUD
1266,asx,MYS,AUD
1267,asx,MYX,AUD
1268,asx,MZI,AUD
1269,asx,MZM,AUD
1270,asx,MZN,AUD
1271,asx,MZZ,AUD
1272,asx,N1H,AUD
1273,asx,N27,AUD
1274,asx,NAB,AUD
1275,asx,NAC,AUD
1276,asx,NAE,AUD
1277,asx,NAG,AUD
1278,asx,NAM,AUD
1279,asx,NAN,AUD
1280,asx,NBL,AUD
1281,asx,NC6,AUD
1282,asx,NCC,AUD
1283,asx,NCK,AUD
1284,asx,NCL,AUD
1285,asx,NCM,AUD
1286,asx,NCR,AUD
1287,asx,NCZ,AUD
1288,asx,NDQ,AUD
1289,asx,NEA,AUD
1290,asx,NEC,AUD
1291,asx,NET,AUD
1292,asx,NEU,AUD
1293,asx,NGE,AUD
1294,asx,NGY,AUD
1295,asx,NHC,AUD
1296,asx,NHF,AUD
1297,asx,NHL,AUD
1298,asx,NIU,AUD
1299,asx,NLI,AUD
1300,asx,NME,AUD
1301,asx,NML,AUD
1302,asx,NMS,AUD
1303,asx,NMT,AUD
1304,asx,NNW,AUD
1305,asx,NOR,AUD
1306,asx,NOV,AUD
1307,asx,NOX,AUD
1308,asx,NRT,AUD
1309,asx,NSE,AUD
1310,asx,NSL,AUD
1311,asx,NSR,AUD
1312,asx,NST,AUD
1313,asx,NSX,AUD
1314,asx,NTC,AUD
1315,asx,NTI,AUD
1316,asx,NTL,AUD
1317,asx,NTM,AUD
1318,asx,NTU,AUD
1319,asx,NUF,AUD
1320,asx,NUH,AUD
1321,asx,NUS,AUD
1322,asx,NVL,AUD
1323,asx,NVO,AUD
1324,asx,NVT,AUD
1325,asx,NVX,AUD
1326,asx,NWE,AUD
1327,asx,NWF,AUD
1328,asx,NWH,AUD
1329,asx,NWS,AUD
1330,asx,NWZ,AUD
1331,asx,NXM,AUD
1332,asx,NXT,AUD
1333,asx,NZC,AUD
1334,asx,NZK,AUD
1335,asx,NZM,AUD
1336,asx,OAR,AUD
1337,asx,OBJ,AUD
1338,asx,OBL,AUD
1339,asx,OCA,AUD
1340,asx,OCC,AUD
1341,asx,OCL,AUD
1342,asx,OCP,AUD
1343,asx,ODM,AUD
1344,asx,ODY,AUD
1345,asx,OEC,AUD
1346,asx,OEL,AUD
1347,asx,OEQ,AUD
1348,asx,OEX,AUD
1349,asx,OFX,AUD
1350,asx,OGC,AUD
1351,asx,OGX,AUD
1352,asx,OHE,AUD
1353,asx,OIL,AUD
1354,asx,OKR,AUD
1355,asx,OKU,AUD
1356,asx,OLH,AUD
1357,asx,OLI,AUD
1358,asx,OLV,AUD
1359,asx,OMH,AUD
1360,asx,OML,AUD
1361,asx,OMT,AUD
1362,asx,ONE,AUD
1363,asx,ONT,AUD
1364,asx,OOK,AUD
1365,asx,OOO,AUD
1366,asx,OPG,AUD
1367,asx,OPN,AUD
1368,asx,OPT,AUD
1369,asx,ORA,AUD
1370,asx,ORE,AUD
1371,asx,ORG,AUD
1372,asx,ORI,AUD
1373,asx,ORL,AUD
1374,asx,ORM,AUD
1375,asx,ORN,AUD
1376,asx,ORR,AUD
1377,asx,OSH,AUD
1378,asx,OSL,AUD
1379,asx,OSP,AUD
1380,asx,OTW,AUD
1381,asx,OVH,AUD
1382,asx,OVL,AUD
1383,asx,OVN,AUD
1384,asx,OVR,AUD
1385,asx,OXX,AUD
1386,asx,OZF,AUD
1387,asx,OZG,AUD
1388,asx,OZL,AUD
1389,asx,OZR,AUD
1390,asx,PAA,AUD
1391,asx,PAB,AUD
1392,asx,PAC,AUD
1393,asx,PAF,AUD
1394,asx,PAI,AUD
1395,asx,PAK,AUD
1396,asx,PAN,AUD
1397,asx,PAR,AUD
1398,asx,PAXX,AUD
1399,asx,PBP,AUD
1400,asx,PBT,AUD
1401,asx,PBX,AUD
1402,asx,PCG,AUD
1403,asx,PCH,AUD
1404,asx,PCL,AUD
1405,asx,PDI,AUD
1406,asx,PDZ,AUD
1407,asx,PEA,AUD
1408,asx,PEC,AUD
1409,asx,PEK,AUD
1410,asx,PEL,AUD
1411,asx,PEN,AUD
1412,asx,PEP,AUD
1413,asx,PEX,AUD
1414,asx,PFG,AUD
1415,asx,PFM,AUD
1416,asx,PGC,AUD
1417,asx,PGF,AUD
1418,asx,PGH,AUD
1419,asx,PGI,AUD
1420,asx,PGM,AUD
1421,asx,PGO,AUD
1422,asx,PGR,AUD
1423,asx,PGS,AUD
1424,asx,PGY,AUD
1425,asx,PHI,AUD
1426,asx,PHK,AUD
1427,asx,PIC,AUD
1428,asx,PIL,AUD
1429,asx,PIO,AUD
1430,asx,PIQ,AUD
1431,asx,PIXX,AUD
1432,asx,PKA,AUD
1433,asx,PKO,AUD
1434,asx,PL8,AUD
1435,asx,PLG,AUD
1436,asx,PLH,AUD
1437,asx,PLL,AUD
1438,asx,PLS,AUD
1439,asx,PLUS,AUD
1440,asx,PLX,AUD
1441,asx,PM1,AUD
1442,asx,PMC,AUD
1443,asx,PME,AUD
1444,asx,PMP,AUD
1445,asx,PMV,AUD
1446,asx,PMY,AUD
1447,asx,PNC,AUD
1448,asx,PNI,AUD
1449,asx,PNL,AUD
1450,asx,PNN,AUD
1451,asx,PNR,AUD
1452,asx,PNV,AUD
1453,asx,PNW,AUD
1454,asx,PNX,AUD
1455,asx,POH,AUD
1456,asx,POP,AUD
1457,asx,POS,AUD
1458,asx,POU,AUD
1459,asx,POW,AUD
1460,asx,POZ,AUD
1461,asx,PPC,AUD
1462,asx,PPG,AUD
1463,asx,PPH,AUD
1464,asx,PPK,AUD
1465,asx,PPL,AUD
1466,asx,PPS,AUD
1467,asx,PPT,AUD
1468,asx,PPY,AUD
1469,asx,PRL,AUD
1470,asx,PRO,AUD
1471,asx,PRR,AUD
1472,asx,PRT,AUD
1473,asx,PRU,AUD
1474,asx,PRY,AUD
1475,asx,PSA,AUD
1476,asx,PSC,AUD
1477,asx,PSI,AUD
1478,asx,PSM,AUD
1479,asx,PSQ,AUD
1480,asx,PSY,AUD
1481,asx,PSZ,AUD
1482,asx,PTB,AUD
1483,asx,PTL,AUD
1484,asx,PTM,AUD
1485,asx,PTX,AUD
1486,asx,PUN,AUD
1487,asx,PUR,AUD
1488,asx,PVA,AUD
1489,asx,PVD,AUD
1490,asx,PVE,AUD
1491,asx,PVL,AUD
1492,asx,PWH,AUD
1493,asx,PWN,AUD
1494,asx,PXS,AUD
1495,asx,PXX,AUD
1496,asx,PYC,AUD
1497,asx,PZC,AUD
1498,asx,QAG,AUD
1499,asx,QAN,AUD
1500,asx,QAU,AUD
1501,asx,QBE,AUD
1502,asx,QBL,AUD
1503,asx,QCB,AUD
1504,asx,QFN,AUD
1505,asx,QFY,AUD
1506,asx,QHL,AUD
1507,asx,QIP,AUD
1508,asx,QMIX,AUD
1509,asx,QMN,AUD
1510,asx,QMS,AUD
1511,asx,QOZ,AUD
1512,asx,QPON,AUD
1513,asx,QRE,AUD
1514,asx,QSS,AUD
1515,asx,QTG,AUD
1516,asx,QTM,AUD
1517,asx,QUAL,AUD
1518,asx,QUB,AUD
1519,asx,QUE,AUD
1520,asx,QUR,AUD
1521,asx,QUS,AUD
1522,asx,QVE,AUD
1523,asx,R3D,AUD
1524,asx,RAC,AUD
1525,asx,RAN,AUD
1526,asx,RAP,AUD
1527,asx,RARI,AUD
1528,asx,RAW,AUD
1529,asx,RBD,AUD
1530,asx,RBL,AUD
1531,asx,RBO,AUD
1532,asx,RBR,AUD
1533,asx,RBX,AUD
1534,asx,RCB,AUD
1535,asx,RCE,AUD
1536,asx,RCG,AUD
1537,asx,RCO,AUD
1538,asx,RCP,AUD
1539,asx,RCR,AUD
1540,asx,RCT,AUD
1541,asx,RCW,AUD
1542,asx,RD1,AUD
1543,asx,RDF,AUD
1544,asx,RDG,AUD
1545,asx,RDH,AUD
1546,asx,RDM,AUD
1547,asx,RDS,AUD
1548,asx,RDV,AUD
1549,asx,REA,AUD
1550,asx,RED,AUD
1551,asx,REF,AUD
1552,asx,REG,AUD
1553,asx,REH,AUD
1554,asx,RENT,AUD
1555,asx,RES,AUD
1556,asx,REV,AUD
1557,asx,REX,AUD
1558,asx,REY,AUD
1559,asx,REZ,AUD
1560,asx,RFF,AUD
1561,asx,RFG,AUD
1562,asx,RFN,AUD
1563,asx,RFT,AUD
1564,asx,RFX,AUD
1565,asx,RGB,AUD
1566,asx,RGI,AUD
1567,asx,RGL,AUD
1568,asx,RGP,AUD
1569,asx,RGS,AUD
1570,asx,RHC,AUD
1571,asx,RHI,AUD
1572,asx,RHL,AUD
1573,asx,RHP,AUD
1574,asx,RHS,AUD
1575,asx,RHT,AUD
1576,asx,RIC,AUD
1577,asx,RIE,AUD
1578,asx,RIM,AUD
1579,asx,RIO,AUD
1580,asx,RIR,AUD
1581,asx,RKN,AUD
1582,asx,RLC,AUD
1583,asx,RLE,AUD
1584,asx,RMD,AUD
1585,asx,RMG,AUD
1586,asx,RMI,AUD
1587,asx,RMP,AUD
1588,asx,RMS,AUD
1589,asx,RMT,AUD
1590,asx,RMX,AUD
1591,asx,RND,AUD
1592,asx,RNE,AUD
1593,asx,RNL,AUD
1594,asx,RNO,AUD
1595,asx,RNT,AUD
1596,asx,RNU,AUD
1597,asx,RNY,AUD
1598,asx,ROBO,AUD
1599,asx,ROG,AUD
1600,asx,RPG,AUD
1601,asx,RRL,AUD
1602,asx,RRS,AUD
1603,asx,RSG,AUD
1604,asx,RSH,AUD
1605,asx,RSM,AUD
1606,asx,RTE,AUD
1607,asx,RTG,AUD
1608,asx,RTR,AUD
1609,asx,RUB,AUD
1610,asx,RUL,AUD
1611,asx,RVA,AUD
1612,asx,RVL,AUD
1613,asx,RVR,AUD
1614,asx,RVY,AUD
1615,asx,RWC,AUD
1616,asx,RWD,AUD
1617,asx,RXH,AUD
1618,asx,RXL,AUD
1619,asx,RXM,AUD
1620,asx,RXP,AUD
1621,asx,RYD,AUD
1622,asx,S2R,AUD
1623,asx,S32,AUD
1624,asx,SAN,AUD
1625,asx,SAR,AUD
1626,asx,SAS,AUD
1627,asx,SAU,AUD
1628,asx,SBB,AUD
1629,asx,SBI,AUD
1630,asx,SBM,AUD
1631,asx,SBR,AUD
1632,asx,SBU,AUD
1633,asx,SCG,AUD
1634,asx,SCI,AUD
1635,asx,SCL,AUD
1636,asx,SCO,AUD
1637,asx,SCP,AUD
1638,asx,SCT,AUD
1639,asx,SCU,AUD
1640,asx,SDA,AUD
1641,asx,SDF,AUD
1642,asx,SDG,AUD
1643,asx,SDI,AUD
1644,asx,SDL,AUD
1645,asx,SDV,AUD
1646,asx,SDX,AUD
1647,asx,SE1,AUD
1648,asx,SEA,AUD
1649,asx,SEG,AUD
1650,asx,SEH,AUD
1651,asx,SEK,AUD
1652,asx,SEN,AUD
1653,asx,SEQ,AUD
1654,asx,SER,AUD
1655,asx,SES,AUD
1656,asx,SFC,AUD
1657,asx,SFG,AUD
1658,asx,SFH,AUD
1659,asx,SFI,AUD
1660,asx,SFL,AUD
1661,asx,SFR,AUD
1662,asx,SFX,AUD
1663,asx,SFY,AUD
1664,asx,SGC,AUD
1665,asx,SGF,AUD
1666,asx,SGH,AUD
1667,asx,SGM,AUD
1668,asx,SGP,AUD
1669,asx,SGQ,AUD
1670,asx,SGR,AUD
1671,asx,SGU,AUD
1672,asx,SHH,AUD
1673,asx,SHJ,AUD
1674,asx,SHK,AUD
1675,asx,SHL,AUD
1676,asx,SHM,AUD
1677,asx,SHO,AUD
1678,asx,SHV,AUD
1679,asx,SIE,AUD
1680,asx,SIG,AUD
1681,asx,SIH,AUD
1682,asx,SIO,AUD
1683,asx,SIQ,AUD
1684,asx,SIT,AUD
1685,asx,SIV,AUD
1686,asx,SIX,AUD
1687,asx,SKC,AUD
1688,asx,SKF,AUD
1689,asx,SKI,AUD
1690,asx,SKN,AUD
1691,asx,SKS,AUD
1692,asx,SKT,AUD
1693,asx,SLC,AUD
1694,asx,SLF,AUD
1695,asx,SLK,AUD
1696,asx,SLM,AUD
1697,asx,SLR,AUD
1698,asx,SLX,AUD
1699,asx,SM1,AUD
1700,asx,SM8,AUD
1701,asx,SMA,AUD
1702,asx,SMC,AUD
1703,asx,SMD,AUD
1704,asx,SMI,AUD
1705,asx,SMLL,AUD
1706,asx,SMM,AUD
1707,asx,SMN,AUD
1708,asx,SMP,AUD
1709,asx,SMR,AUD
1710,asx,SNC,AUD
1711,asx,SND,AUD
1712,asx,SNL,AUD
1713,asx,SNS,AUD
1714,asx,SNZ,AUD
1715,asx,SO4,AUD
1716,asx,SOL,AUD
1717,asx,SOM,AUD
1718,asx,SOP,AUD
1719,asx,SOR,AUD
1720,asx,SP1,AUD
1721,asx,SP3,AUD
1722,asx,SPB,AUD
1723,asx,SPI,AUD
1724,asx,SPK,AUD
1725,asx,SPL,AUD
1726,asx,SPO,AUD
1727,asx,SPQ,AUD
1728,asx,SPX,AUD
1729,asx,SPY,AUD
1730,asx,SPZ,AUD
1731,asx,SRG,AUD
1732,asx,SRH,AUD
1733,asx,SRI,AUD
1734,asx,SRK,AUD
1735,asx,SRN,AUD
1736,asx,SRO,AUD
1737,asx,SRS,AUD
1738,asx,SRV,AUD
1739,asx,SRX,AUD
1740,asx,SRY,AUD
1741,asx,SRZ,AUD
1742,asx,SSG,AUD
1743,asx,SSL,AUD
1744,asx,SSM,AUD
1745,asx,SSN,AUD
1746,asx,SSO,AUD
1747,asx,SST,AUD
1748,asx,ST1,AUD
1749,asx,STA,AUD
1750,asx,STM,AUD
1751,asx,STO,AUD
1752,asx,STW,AUD
1753,asx,STX,AUD
1754,asx,SUD,AUD
1755,asx,SUH,AUD
1756,asx,SUL,AUD
1757,asx,SUM,AUD
1758,asx,SUN,AUD
1759,asx,SUR,AUD
1760,asx,SVA,AUD
1761,asx,SVH,AUD
1762,asx,SVL,AUD
1763,asx,SVM,AUD
1764,asx,SVS,AUD
1765,asx,SVW,AUD
1766,asx,SVY,AUD
1767,asx,SW1,AUD
1768,asx,SWJ,AUD
1769,asx,SWK,AUD
1770,asx,SWM,AUD
1771,asx,SWTZ,AUD
1772,asx,SXA,AUD
1773,asx,SXE,AUD
1774,asx,SXL,AUD
1775,asx,SXX,AUD
1776,asx,SXY,AUD
1777,asx,SYA,AUD
1778,asx,SYD,AUD
1779,asx,SYI,AUD
1780,asx,SYR,AUD
1781,asx,SYS,AUD
1782,asx,SYT,AUD
1783,asx,T3D,AUD
1784,asx,TAG,AUD
1785,asx,TAH,AUD
1786,asx,TAM,AUD
1787,asx,TAP,AUD
1788,asx,TAR,AUD
1789,asx,TAS,AUD
1790,asx,TAU,AUD
1791,asx,TAW,AUD
1792,asx,TB8,AUD
1793,asx,TBH,AUD
1794,asx,TBR,AUD
1795,asx,TCL,AUD
1796,asx,TCN,AUD
1797,asx,TCO,AUD
1798,asx,TDL,AUD
1799,asx,TDO,AUD
1800,asx,TECH,AUD
1801,asx,TEG,AUD
1802,asx,TEK,AUD
1803,asx,TER,AUD
1804,asx,TEX,AUD
1805,asx,TFG,AUD
1806,asx,TFL,AUD
1807,asx,TGA,AUD
1808,asx,TGG,AUD
1809,asx,TGH,AUD
1810,asx,TGN,AUD
1811,asx,TGP,AUD
1812,asx,TGR,AUD
1813,asx,THC,AUD
1814,asx,THD,AUD
1815,asx,THR,AUD
1816,asx,THX,AUD
1817,asx,TIA,AUD
1818,asx,TIG,AUD
1819,asx,TIL,AUD
1820,asx,TIN,AUD
1821,asx,TKF,AUD
1822,asx,TKL,AUD
1823,asx,TKM,AUD
1824,asx,TLG,AUD
1825,asx,TLM,AUD
1826,asx,TLS,AUD
1827,asx,TME,AUD
1828,asx,TMK,AUD
1829,asx,TML,AUD
1830,asx,TMP,AUD
1831,asx,TMT,AUD
1832,asx,TMX,AUD
1833,asx,TMZ,AUD
1834,asx,TNE,AUD
1835,asx,TNG,AUD
1836,asx,TNK,AUD
1837,asx,TNO,AUD
1838,asx,TNP,AUD
1839,asx,TNR,AUD
1840,asx,TNT,AUD
1841,asx,TNY,AUD
1842,asx,TOE,AUD
1843,asx,TOM,AUD
1844,asx,TON,AUD
1845,asx,TOP,AUD
1846,asx,TOT,AUD
1847,asx,TOU,AUD
1848,asx,TOX,AUD
1849,asx,TPC,AUD
1850,asx,TPD,AUD
1851,asx,TPE,AUD
1852,asx,TPM,AUD
1853,asx,TPO,AUD
1854,asx,TPP,AUD
1855,asx,TPS,AUD
1856,asx,TPW,AUD
1857,asx,TRL,AUD
1858,asx,TRM,AUD
1859,asx,TRS,AUD
1860,asx,TRT,AUD
1861,asx,TRY,AUD
1862,asx,TSN,AUD
1863,asx,TTA,AUD
1864,asx,TTC,AUD
1865,asx,TTI,AUD
1866,asx,TTL,AUD
1867,asx,TTM,AUD
1868,asx,TTS,AUD
1869,asx,TTT,AUD
1870,asx,TTW,AUD
1871,asx,TUP,AUD
1872,asx,TV2,AUD
1873,asx,TWD,AUD
1874,asx,TWE,AUD
1875,asx,TWR,AUD
1876,asx,TYK,AUD
1877,asx,TYX,AUD
1878,asx,TZL,AUD
1879,asx,TZN,AUD
1880,asx,UBA,AUD
1881,asx,UBE,AUD
1882,asx,UBI,AUD
1883,asx,UBJ,AUD
1884,asx,UBN,AUD
1885,asx,UBP,AUD
1886,asx,UBU,AUD
1887,asx,UBW,AUD
1888,asx,UCM,AUD
1889,asx,UCW,AUD
1890,asx,UEQ,AUD
1891,asx,UIL,AUD
1892,asx,UMAX,AUD
1893,asx,UNL,AUD
1894,asx,UNV,AUD
1895,asx,UOS,AUD
1896,asx,UPD,AUD
1897,asx,URB,AUD
1898,asx,URF,AUD
1899,asx,USA,AUD
1900,asx,USD,AUD
1901,asx,USF,AUD
1902,asx,USG,AUD
1903,asx,USP,AUD
1904,asx,USR,AUD
1905,asx,UTR,AUD
1906,asx,UUL,AUD
1907,asx,UUV,AUD
1908,asx,VACF,AUD
1909,asx,VAE,AUD
1910,asx,VAF,AUD
1911,asx,VAH,AUD
1912,asx,VAL,AUD
1913,asx,VAN,AUD
1914,asx,VAP,AUD
1915,asx,VAR,AUD
1916,asx,VAS,AUD
1917,asx,VBND,AUD
1918,asx,VBS,AUD
1919,asx,VCF,AUD
1920,asx,VCX,AUD
1921,asx,VEC,AUD
1922,asx,VEE,AUD
1923,asx,VEQ,AUD
1924,asx,VEU,AUD
1925,asx,VG1,AUD
1926,asx,VGAD,AUD
1927,asx,VGB,AUD
1928,asx,VGE,AUD
1929,asx,VGL,AUD
1930,asx,VGS,AUD
1931,asx,VHT,AUD
1932,asx,VHY,AUD
1933,asx,VIC,AUD
1934,asx,VIF,AUD
1935,asx,VIG,AUD
1936,asx,VII,AUD
1937,asx,VIP,AUD
1938,asx,VIV,AUD
1939,asx,VKA,AUD
1940,asx,VLA,AUD
1941,asx,VLC,AUD
1942,asx,VLS,AUD
1943,asx,VLT,AUD
1944,asx,VLW,AUD
1945,asx,VMC,AUD
1946,asx,VMG,AUD
1947,asx,VML,AUD
1948,asx,VMS,AUD
1949,asx,VMT,AUD
1950,asx,VMX,AUD
1951,asx,VMY,AUD
1952,asx,VOC,AUD
1953,asx,VP7,AUD
1954,asx,VPC,AUD
1955,asx,VPR,AUD
1956,asx,VRC,AUD
1957,asx,VRL,AUD
1958,asx,VRM,AUD
1959,asx,VRS,AUD
1960,asx,VRT,AUD
1961,asx,VRX,AUD
1962,asx,VSO,AUD
1963,asx,VTG,AUD
1964,asx,VTI,AUD
1965,asx,VTS,AUD
1966,asx,VVR,AUD
1967,asx,VXR,AUD
1968,asx,WAA,AUD
1969,asx,WAF,AUD
1970,asx,WAM,AUD
1971,asx,WAT,AUD
1972,asx,WAX,AUD
1973,asx,WBA,AUD
1974,asx,WBC,AUD
1975,asx,WBE,AUD
1976,asx,WBT,AUD
1977,asx,WCN,AUD
1978,asx,WDE,AUD
1979,asx,WDIV,AUD
1980,asx,WDMF,AUD
1981,asx,WEB,AUD
1982,asx,WEC,AUD
1983,asx,WEL,AUD
1984,asx,WEMG,AUD
1985,asx,WES,AUD
1986,asx,WFD,AUD
1987,asx,WFE,AUD
1988,asx,WGF,AUD
1989,asx,WGL,AUD
1990,asx,WGX,AUD
1991,asx,WHA,AUD
1992,asx,WHC,AUD
1993,asx,WHF,AUD
1994,asx,WIC,AUD
1995,asx,WKT,AUD
1996,asx,WLC,AUD
1997,asx,WLD,AUD
1998,asx,WLE,AUD
1999,asx,WLEN,AUD
2000,asx,WLF,AUD
2001,asx,WLL,AUD
2002,asx,WMC,AUD
2003,asx,WMI,AUD
2004,asx,WMK,AUD
2005,asx,WND,AUD
2006,asx,WNR,AUD
2007,asx,WOR,AUD
2008,asx,WOW,AUD
2009,asx,WPG,AUD
2010,asx,WPL,AUD
2011,asx,WPP,AUD
2012,asx,WQW,AUD
2013,asx,WRG,AUD
2014,asx,WRLD,AUD
2015,asx,WRM,AUD
2016,asx,WRR,AUD
2017,asx,WSA,AUD
2018,asx,WSI,AUD
2019,asx,WTC,AUD
2020,asx,WTP,AUD
2021,asx,WVOL,AUD
2022,asx,WWI,AUD
2023,asx,WXHG,AUD
2024,asx,WXOZ,AUD
2025,asx,XAM,AUD
2026,asx,XF1,AUD
2027,asx,XIP,AUD
2028,asx,XPE,AUD
2029,asx,XRF,AUD
2030,asx,XRO,AUD
2031,asx,XST,AUD
2032,asx,XTD,AUD
2033,asx,XTE,AUD
2034,asx,YAL,AUD
2035,asx,YANK,AUD
2036,asx,YBR,AUD
2037,asx,YMAX,AUD
2038,asx,YNB,AUD
2039,asx,YOJ,AUD
2040,asx,YOW,AUD
2041,asx,YPB,AUD
2042,asx,ZCNH,AUD
2043,asx,ZEL,AUD
2044,asx,ZEN,AUD
2045,asx,ZER,AUD
2046,asx,ZEU,AUD
2047,asx,ZGL,AUD
2048,asx,ZGOL,AUD
2049,asx,ZIM,AUD
2050,asx,ZIP,AUD
2051,asx,ZLD,AUD
2052,asx,ZMI,AUD
2053,asx,ZML,AUD
2054,asx,ZNC,AUD
2055,asx,ZNO,AUD
2056,asx,ZNT,AUD
2057,asx,ZOZI,AUD
2058,asx,ZUSD,AUD
2059,asx,ZYAU,AUD
2060,asx,ZYB,AUD
2061,asx,ZYUS,AUD
2062,istanbul,AT0000818802,TRY
2063,istanbul,TRAADANA91F0,TRY
2064,istanbul,TRAADBGR91F6,TRY
2065,istanbul,TRAADELW91T1,TRY
2066,istanbul,TRAADNAC91F6,TRY
2067,istanbul,TRAAFYON91F6,TRY
2068,istanbul,TRAAGYOW91Q2,TRY
2069,istanbul,TRAAKBNK91N6,TRY
2070,istanbul,TRAAKCNS91F3,TRY
2071,istanbul,TRAAKENR91L9,TRY
2072,istanbul,TRAAKFIN91P6,TRY
2073,istanbul,TRAAKGRT91O5,TRY
2074,istanbul,TRAAKSAW91E1,TRY
2075,istanbul,TRAAKSUE91L2,TRY
2076,istanbul,TRAAKYOW91Q4,TRY
2077,istanbul,TRAALARK91Q0,TRY
2078,istanbul,TRAALCTL91H9,TRY
2079,istanbul,TRAALGYO91Q5,TRY
2080,istanbul,TRAALKAW91D8,TRY
2081,istanbul,TRAALKIM91E0,TRY
2082,istanbul,TRAALRSA91H2,TRY
2083,istanbul,TRAALTIN91B5,TRY
2084,istanbul,TRAALYAG91A8,TRY
2085,istanbul,TRAANACM91F7,TRY
2086,istanbul,TRAANHYT91O3,TRY
2087,istanbul,TRAANSGR91O1,TRY
2088,istanbul,TRAARCLK91H5,TRY
2089,istanbul,TRAARENA91U1,TRY
2090,istanbul,TRAARSAN91B1,TRY
2091,istanbul,TRAASELS91H2,TRY
2092,istanbul,TRAASLAN92F3,TRY
2093,istanbul,TRAASUZU91H4,TRY
2094,istanbul,TRAATAYO91Q1,TRY
2095,istanbul,TRAATEKS91B5,TRY
2096,istanbul,TRAATLAS91Q9,TRY
2097,istanbul,TRAATSYO91Q3,TRY
2098,istanbul,TRAAVRSY91Q2,TRY
2099,istanbul,TRAAYCES92K1,TRY
2100,istanbul,TRAAYENW91L0,TRY
2101,istanbul,TRAAYGAZ91E0,TRY
2102,istanbul,TRABAGFS91E2,TRY
2103,istanbul,TRABAKAB91D3,TRY
2104,istanbul,TRABANVT92A9,TRY
2105,istanbul,TRABFREN91H5,TRY
2106,istanbul,TRABISAS91B7,TRY
2107,istanbul,TRABJKAS91X6,TRY
2108,istanbul,TRABOLUC91F3,TRY
2109,istanbul,TRABOSSA91B5,TRY
2110,istanbul,TRABRISA91E3,TRY
2111,istanbul,TRABRMEN91B4,TRY
2112,istanbul,TRABROVA91S5,TRY
2113,istanbul,TRABRSAN91G8,TRY
2114,istanbul,TRABRYAT91Q2,TRY
2115,istanbul,TRABSOKE91F5,TRY
2116,istanbul,TRABTCIM91F5,TRY
2117,istanbul,TRABUCIM91F3,TRY
2118,istanbul,TRABUMYO91Q2,TRY
2119,istanbul,TRABURCE91G9,TRY
2120,istanbul,TRACELHA91G1,TRY
2121,istanbul,TRACEMTS91G6,TRY
2122,istanbul,TRACEYLN91B0,TRY
2123,istanbul,TRACIMSA91F9,TRY
2124,istanbul,TRACLEBI91M5,TRY
2125,istanbul,TRACMBTN91F5,TRY
2126,istanbul,TRACMENT91F9,TRY
2127,istanbul,TRADARDL91A3,TRY
2128,istanbul,TRADENCM91F3,TRY
2129,istanbul,TRADERIM91B0,TRY
2130,istanbul,TRADEVAW91E2,TRY
2131,istanbul,TRADITAS91H8,TRY
2132,istanbul,TRADMRYO91Q4,TRY
2133,istanbul,TRADMSAS91E9,TRY
2134,istanbul,TRADOBUR91D3,TRY
2135,istanbul,TRADOGUB92F9,TRY
2136,istanbul,TRADOHOL91Q8,TRY
2137,istanbul,TRADOKTS91G7,TRY
2138,istanbul,TRADUROF91D4,TRY
2139,istanbul,TRAECBYO91Q7,TRY
2140,istanbul,TRAECILC91E0,TRY
2141,istanbul,TRAECZYT91Q5,TRY
2142,istanbul,TRAEDIPW91B3,TRY
2143,istanbul,TRAEGEEN91H5,TRY
2144,istanbul,TRAEGGUB91E8,TRY
2145,istanbul,TRAEGPRO91E8,TRY
2146,istanbul,TRAEGSER91F0,TRY
2147,istanbul,TRAEMKEL91L6,TRY
2148,istanbul,TRAEMNIS91E1,TRY
2149,istanbul,TRAEPLAS91E5,TRY
2150,istanbul,TRAERBOS91G8,TRY
2151,istanbul,TRAEREGL91G3,TRY
2152,istanbul,TRAERSUW91A4,TRY
2153,istanbul,TRAESCOM91U8,TRY
2154,istanbul,TRAESEMS91B5,TRY
2155,istanbul,TRAEVREN91Q7,TRY
2156,istanbul,TRAFFKRL91P0,TRY
2157,istanbul,TRAFINBN91N3,TRY
2158,istanbul,TRAFRIGO91A8,TRY
2159,istanbul,TRAGARAN91N1,TRY
2160,istanbul,TRAGDKYO91Q1,TRY
2161,istanbul,TRAGENTS91C4,TRY
2162,istanbul,TRAGLMDE91R3,TRY
2163,istanbul,TRAGLOBL91Q0,TRY
2164,istanbul,TRAGOLTS91F0,TRY
2165,istanbul,TRAGOODY91E9,TRY
2166,istanbul,TRAGRNYO91Q5,TRY
2167,istanbul,TRAGSDHO91Q9,TRY
2168,istanbul,TRAGSRAY91X9,TRY
2169,istanbul,TRAGUBRF91E2,TRY
2170,istanbul,TRAGUSGR91O3,TRY
2171,istanbul,TRAHEKTS91E4,TRY
2172,istanbul,TRAHURGZ91D9,TRY
2173,istanbul,TRAIDASW91B5,TRY
2174,istanbul,TRAIHEVA91H5,TRY
2175,istanbul,TRAIHGYO91Q6,TRY
2176,istanbul,TRAIHLAS91D5,TRY
2177,istanbul,TRAINTEM91I0,TRY
2178,istanbul,TRAIPMAT92D2,TRY
2179,istanbul,TRAISATR91N6,TRY
2180,istanbul,TRAISBTR91N4,TRY
2181,istanbul,TRAISCTR91N2,TRY
2182,istanbul,TRAISGEN91P9,TRY
2183,istanbul,TRAISGYO91Q3,TRY
2184,istanbul,TRAISKUR91N3,TRY
2185,istanbul,TRAISTMP91H7,TRY
2186,istanbul,TRAISYAT91Q5,TRY
2187,istanbul,TRAIZMDC91G6,TRY
2188,istanbul,TRAIZOCM91F5,TRY
2189,istanbul,TRAKAPLM91D7,TRY
2190,istanbul,TRAKARSN91H7,TRY
2191,istanbul,TRAKARTN91D4,TRY
2192,istanbul,TRAKCHOL91Q8,TRY
2193,istanbul,TRAKENTW91A2,TRY
2194,istanbul,TRAKERVT91A5,TRY
2195,istanbul,TRAKIPAW91J9,TRY
2196,istanbul,TRAKLBMO91C0,TRY
2197,istanbul,TRAKLMSN91H5,TRY
2198,istanbul,TRAKNFRT91A9,TRY
2199,istanbul,TRAKONYA91F6,TRY
2200,istanbul,TRAKORDS91B2,TRY
2201,istanbul,TRAKRDMA91G3,TRY
2202,istanbul,TRAKRDMB91G1,TRY
2203,istanbul,TRAKRDMR91G7,TRY
2204,istanbul,TRAKRSTL91A6,TRY
2205,istanbul,TRAKRTEK91B6,TRY
2206,istanbul,TRAKUTPO91F9,TRY
2207,istanbul,TRALINKW91U8,TRY
2208,istanbul,TRALOGOW91U2,TRY
2209,istanbul,TRALUKSK91B7,TRY
2210,istanbul,TRAMAALT91K5,TRY
2211,istanbul,TRAMAKTK91H2,TRY
2212,istanbul,TRAMERKO91A5,TRY
2213,istanbul,TRAMILYT91D3,TRY
2214,istanbul,TRAMIPAZ91J8,TRY
2215,istanbul,TRAMMART91K7,TRY
2216,istanbul,TRAMNDRS91B0,TRY
2217,istanbul,TRAMNSME91B9,TRY
2218,istanbul,TRAMRDIN91F2,TRY
2219,istanbul,TRAMRSHL91E9,TRY
2220,istanbul,TRAMTEKS91B0,TRY
2221,istanbul,TRAMZHLD94Q2,TRY
2222,istanbul,TRANETAS91H6,TRY
2223,istanbul,TRANTHOL91Q6,TRY
2224,istanbul,TRANUGYO91Q9,TRY
2225,istanbul,TRANUHCM91F0,TRY
2226,istanbul,TRAOKANT91B5,TRY
2227,istanbul,TRAOLMKS91D2,TRY
2228,istanbul,TRAOSGYO91Q1,TRY
2229,istanbul,TRAOTKAR91H3,TRY
2230,istanbul,TRAOTOSN91H6,TRY
2231,istanbul,TRAOZFIN91P5,TRY
2232,istanbul,TRAPARSN91H6,TRY
2233,istanbul,TRAPENGD91A8,TRY
2234,istanbul,TRAPETKM91E0,TRY
2235,istanbul,TRAPETUN91A5,TRY
2236,istanbul,TRAPIMAS91E4,TRY
2237,istanbul,TRAPINSU91A8,TRY
2238,istanbul,TRAPKENT91K5,TRY
2239,istanbul,TRAPNSUT91A5,TRY
2240,istanbul,TRAPRKTE91B5,TRY
2241,istanbul,TRARANTL91P6,TRY
2242,istanbul,TRARAYSG91O8,TRY
2243,istanbul,TRASAHOL91Q5,TRY
2244,istanbul,TRASANKO91I2,TRY
2245,istanbul,TRASARKY91G6,TRY
2246,istanbul,TRASASAW91E4,TRY
2247,istanbul,TRASELGD91A6,TRY
2248,istanbul,TRASERVE91T0,TRY
2249,istanbul,TRASISEW91Q3,TRY
2250,istanbul,TRASKBNK91N8,TRY
2251,istanbul,TRASKTAS91B5,TRY
2252,istanbul,TRASMENS91H3,TRY
2253,istanbul,TRASNPAM91B0,TRY
2254,istanbul,TRASODAS91E5,TRY
2255,istanbul,TRASONME91B5,TRY
2256,istanbul,TRATACYO91Q7,TRY
2257,istanbul,TRATATKS91A5,TRY
2258,istanbul,TRATBORG91A4,TRY
2259,istanbul,TRATCELL91M1,TRY
2260,istanbul,TRATEKST91N0,TRY
2261,istanbul,TRATEKTU91K2,TRY
2262,istanbul,TRATHYAO91M5,TRY
2263,istanbul,TRATIREW91D1,TRY
2264,istanbul,TRATKBNK91N6,TRY
2265,istanbul,TRATOASO91H3,TRY
2266,istanbul,TRATPFAC91P5,TRY
2267,istanbul,TRATRCAS92E6,TRY
2268,istanbul,TRATRKCM91F7,TRY
2269,istanbul,TRATRNSK91Q8,TRY
2270,istanbul,TRATSKBW91N0,TRY
2271,istanbul,TRATUKAS91A3,TRY
2272,istanbul,TRATUPRS91E8,TRY
2273,istanbul,TRAUNYEC91F2,TRY
2274,istanbul,TRAUSAKW91F6,TRY
2275,istanbul,TRAVAKFN91P9,TRY
2276,istanbul,TRAVAKKO91B7,TRY
2277,istanbul,TRAVANET91A5,TRY
2278,istanbul,TRAVARYO91Q1,TRY
2279,istanbul,TRAVESTL91H6,TRY
2280,istanbul,TRAVKFRS91Q0,TRY
2281,istanbul,TRAVKFYT91Q4,TRY
2282,istanbul,TRAVKGYO91Q3,TRY
2283,istanbul,TRAVKING91D6,TRY
2284,istanbul,TRAYASAS91E0,TRY
2285,istanbul,TRAYATAS91B4,TRY
2286,istanbul,TRAYAZIC91Q6,TRY
2287,istanbul,TRAYKBNK91N6,TRY
2288,istanbul,TRAYKGYO91Q7,TRY
2289,istanbul,TRAYUNSA91B5,TRY
2290,istanbul,TRAZOREN91L8,TRY
2291,istanbul,TREACSS00017,TRY
2292,istanbul,TREADSE00015,TRY
2293,istanbul,TREAEPT00017,TRY
2294,istanbul,TREAIGY00017,TRY
2295,istanbul,TREAKFG00012,TRY
2296,istanbul,TREAKGH00018,TRY
2297,istanbul,TREAKMG00018,TRY
2298,istanbul,TREAKSN00011,TRY
2299,istanbul,TREAKYP00014,TRY
2300,istanbul,TREALBK00011,TRY
2301,istanbul,TREANEL00019,TRY
2302,istanbul,TREARMD00010,TRY
2303,istanbul,TREASIL00019,TRY
2304,istanbul,TREATPU00013,TRY
2305,istanbul,TREAVOD00018,TRY
2306,istanbul,TREAYES00011,TRY
2307,istanbul,TREBANT00026,TRY
2308,istanbul,TREBASC00013,TRY
2309,istanbul,TREBERK00010,TRY
2310,istanbul,TREBFOK00014,TRY
2311,istanbul,TREBIMM00018,TRY
2312,istanbul,TREBLCY00018,TRY
2313,istanbul,TREBLTA00012,TRY
2314,istanbul,TREBMKS00011,TRY
2315,istanbul,TREBOMO00012,TRY
2316,istanbul,TREBRKO00019,TRY
2317,istanbul,TREBRVN00018,TRY
2318,istanbul,TREBSKY00016,TRY
2319,istanbul,TREBYTS00017,TRY
2320,istanbul,TREBZMT00017,TRY
2321,istanbul,TRECARF00032,TRY
2322,istanbul,TRECMAS00010,TRY
2323,istanbul,TRECOLA00011,TRY
2324,istanbul,TRECUHA00016,TRY
2325,istanbul,TRECUHE00018,TRY
2326,istanbul,TREDAGI00011,TRY
2327,istanbul,TREDESA00015,TRY
2328,istanbul,TREDGTE00010,TRY
2329,istanbul,TREDNGH00016,TRY
2330,istanbul,TREDOTO00013,TRY
2331,istanbul,TREDRTK00014,TRY
2332,istanbul,TREDSPC00017,TRY
2333,istanbul,TREDZBK00015,TRY
2334,istanbul,TREEGYO00017,TRY
2335,istanbul,TREEIBG00017,TRY
2336,istanbul,TREEKIZ00018,TRY
2337,istanbul,TREEKYO00019,TRY
2338,istanbul,TREENKA00011,TRY
2339,istanbul,TREEURY00011,TRY
2340,istanbul,TREEUTY00017,TRY
2341,istanbul,TREEUYM00012,TRY
2342,istanbul,TREFBAH00019,TRY
2343,istanbul,TREFLAP00011,TRY
2344,istanbul,TREFNFK00017,TRY
2345,istanbul,TREFONT00010,TRY
2346,istanbul,TREGDKM00012,TRY
2347,istanbul,TREGDZA00015,TRY
2348,istanbul,TREGLMK00015,TRY
2349,istanbul,TREGNTR00011,TRY
2350,istanbul,TREGREL00017,TRY
2351,istanbul,TREGZDF00014,TRY
2352,istanbul,TREHDFY00015,TRY
2353,istanbul,TREHEDF00017,TRY
2354,istanbul,TREHLGY00016,TRY
2355,istanbul,TREHLSG00018,TRY
2356,istanbul,TREHTKS00013,TRY
2357,istanbul,TREIDGY00011,TRY
2358,istanbul,TREIFIR00016,TRY
2359,istanbul,TREIFTY00019,TRY
2360,istanbul,TREIGSY00019,TRY
2361,istanbul,TREIHGZ00019,TRY
2362,istanbul,TREIHYA00015,TRY
2363,istanbul,TREINDX00019,TRY
2364,istanbul,TREINFM00017,TRY
2365,istanbul,TREINFO00013,TRY
2366,istanbul,TREISBR00014,TRY
2367,istanbul,TREISDC00020,TRY
2368,istanbul,TREISMD00011,TRY
2369,istanbul,TREITFK00018,TRY
2370,istanbul,TREIZTA00017,TRY
2371,istanbul,TREJANT00011,TRY
2372,istanbul,TREKGYO00014,TRY
2373,istanbul,TREKMBH00014,TRY
2374,istanbul,TREKOAL00014,TRY
2375,istanbul,TREKOZA00014,TRY
2376,istanbul,TREKREL00019,TRY
2377,istanbul,TREKRFZ00016,TRY
2378,istanbul,TREKRON00014,TRY
2379,istanbul,TREKRSS00014,TRY
2380,istanbul,TREKTMR00015,TRY
2381,istanbul,TREKUST00016,TRY
2382,istanbul,TREKYAS00018,TRY
2383,istanbul,TRELDFK00016,TRY
2384,istanbul,TRELKMH00013,TRY
2385,istanbul,TREMAVI00037,TRY
2386,istanbul,TREMBYO00011,TRY
2387,istanbul,TREMCTD00012,TRY
2388,istanbul,TREMEGA00011,TRY
2389,istanbul,TREMEPT00012,TRY
2390,istanbul,TREMETU00012,TRY
2391,istanbul,TREMGTI00012,TRY
2392,istanbul,TREMIST00017,TRY
2393,istanbul,TREMRGY00013,TRY
2394,istanbul,TREMRTT00016,TRY
2395,istanbul,TREMRYO00017,TRY
2396,istanbul,TREMTSM00019,TRY
2397,istanbul,TREMTYO00013,TRY
2398,istanbul,TREMYPG00017,TRY
2399,istanbul,TRENNBS00013,TRY
2400,istanbul,TREODAS00014,TRY
2401,istanbul,TREORGE00011,TRY
2402,istanbul,TREORMA00017,TRY
2403,istanbul,TREOSMK00022,TRY
2404,istanbul,TREOSTM00015,TRY
2405,istanbul,TREOYAY00018,TRY
2406,istanbul,TREOYLS00017,TRY
2407,istanbul,TREOZAK00014,TRY
2408,istanbul,TREOZBL00010,TRY
2409,istanbul,TREOZER00029,TRY
2410,istanbul,TREPEGS00016,TRY
2411,istanbul,TREPERG00018,TRY
2412,istanbul,TREPGYO00013,TRY
2413,istanbul,TREPKRT00018,TRY
2414,istanbul,TREPOHO00012,TRY
2415,istanbul,TREPOLT00013,TRY
2416,istanbul,TREPRZM00011,TRY
2417,istanbul,TRERDRT00019,TRY
2418,istanbul,TREREYS00015,TRY
2419,istanbul,TRERGYO00019,TRY
2420,istanbul,TRERHLI00016,TRY
2421,istanbul,TRERTAL00018,TRY
2422,istanbul,TRESAYR00013,TRY
2423,istanbul,TRESEYT00011,TRY
2424,istanbul,TRESKFK00016,TRY
2425,istanbul,TRESKPA00016,TRY
2426,istanbul,TRESLEC00014,TRY
2427,istanbul,TRESLVR00016,TRY
2428,istanbul,TRESNEL00011,TRY
2429,istanbul,TRESNFM00016,TRY
2430,istanbul,TRESNGY00019,TRY
2431,istanbul,TRESNKR00023,TRY
2432,istanbul,TRESODS00016,TRY
2433,istanbul,TRESRAY00013,TRY
2434,istanbul,TRESRGY00010,TRY
2435,istanbul,TRETAVH00018,TRY
2436,istanbul,TRETCRY00017,TRY
2437,istanbul,TRETGSD00010,TRY
2438,istanbul,TRETHAL00019,TRY
2439,istanbul,TRETKGD00017,TRY
2440,istanbul,TRETKHO00012,TRY
2441,istanbul,TRETKNO00010,TRY
2442,istanbul,TRETKYO00017,TRY
2443,istanbul,TRETMPL00017,TRY
2444,istanbul,TRETRBZ00016,TRY
2445,istanbul,TRETRGY00018,TRY
2446,istanbul,TRETSGY00016,TRY
2447,istanbul,TRETTLK00013,TRY
2448,istanbul,TRETTRK00010,TRY
2449,istanbul,TRETTUR00019,TRY
2450,istanbul,TRETUGC00018,TRY
2451,istanbul,TRETUMO00011,TRY
2452,istanbul,TREULAS00014,TRY
2453,istanbul,TREULET00014,TRY
2454,istanbul,TREULKR00015,TRY
2455,istanbul,TREULSY00014,TRY
2456,istanbul,TREUMPA00018,TRY
2457,istanbul,TREUTOP00014,TRY
2458,istanbul,TREUZER00018,TRY
2459,istanbul,TREVERS00011,TRY
2460,istanbul,TREVEST00017,TRY
2461,istanbul,TREVKFB00019,TRY
2462,istanbul,TREVNGS00015,TRY
2463,istanbul,TREVRSA00019,TRY
2464,istanbul,TREYAYL00014,TRY
2465,istanbul,TREYBTS00017,TRY
2466,istanbul,TREYGMI00012,TRY
2467,istanbul,TREYONG00018,TRY
2468,istanbul,TREYSBS00019,TRY
2469,istanbul,TRNTOKI00011,TRY
2470,istanbul,TRRBSKY00083,TRY
2471,istanbul,TRRDRTK00016,TRY
2472,johannesburg,4SIJ,ZAC
2473,johannesburg,ACEJ,ZAC
2474,johannesburg,ACGJ,ZAC
2475,johannesburg,ACLJ,ZAC
2476,johannesburg,ACSJ,ZAC
2477,johannesburg,ACTJ,ZAC
2478,johannesburg,ADHJ,ZAC
2479,johannesburg,ADIJ,ZAC
2480,johannesburg,ADRJ,ZAC
2481,johannesburg,ADWJ,ZAC
2482,johannesburg,AEEJ,ZAC
2483,johannesburg,AEGJ,ZAC
2484,johannesburg,AELJ,ZAC
2485,johannesburg,AETJ,ZAC
2486,johannesburg,AEYJ,ZAC
2487,johannesburg,AFEJ,ZAC
2488,johannesburg,AFHJ,ZAC
2489,johannesburg,AFTJ,ZAC
2490,johannesburg,AFXJ,ZAC
2491,johannesburg,AGLJ,ZAC
2492,johannesburg,AHLJ,ZAC
2493,johannesburg,AILJ,ZAC
2494,johannesburg,AIPJ,ZAC
2495,johannesburg,ALHJ,ZAC
2496,johannesburg,ALPJ,ZAC
2497,johannesburg,AMEJ,ZAC
2498,johannesburg,AMSJ,ZAC
2499,johannesburg,ANAJ,ZAC
2500,johannesburg,ANDJ,ZAC
2501,johannesburg,ANGJ,ZAC
2502,johannesburg,ANHJ,ZAC
2503,johannesburg,ANSJ,ZAC
2504,johannesburg,AONJn,ZAC
2505,johannesburg,AOOJ,ZAC
2506,johannesburg,APFJ,ZAC
2507,johannesburg,APNJ,ZAC
2508,johannesburg,ARAJ,ZAC
2509,johannesburg,ARHJ,ZAC
2510,johannesburg,ARIJ,ZAC
2511,johannesburg,ARLJ,ZAC
2512,johannesburg,ARTJ,ZAC
2513,johannesburg,ASCJ,ZAC
2514,johannesburg,ASRJ,ZAC
2515,johannesburg,ATLJ,ZAC
2516,johannesburg,ATTJ,ZAC
2517,johannesburg,AVIJ,ZAC
2518,johannesburg,AVLJ,ZAC
2519,johannesburg,AVRJ,ZAC
2520,johannesburg,AVVJ,ZAC
2521,johannesburg,AWAJ,ZAC
2522,johannesburg,AWTJ,ZAC
2523,johannesburg,AXLJ,ZAC
2524,johannesburg,BATJ,ZAC
2525,johannesburg,BAUJ,ZAC
2526,johannesburg,BAWJ,ZAC
2527,johannesburg,BCFJ,ZAC
2528,johannesburg,BDMJ,ZAC
2529,johannesburg,BELJ,ZAC
2530,johannesburg,BFSJ,ZAC
2531,johannesburg,BGAJ,ZAC
2532,johannesburg,BIDJ,ZAC
2533,johannesburg,BIKJ,ZAC
2534,johannesburg,BILJ,ZAC
2535,johannesburg,BLUJ,ZAC
2536,johannesburg,BNTJ,ZAC
2537,johannesburg,BRNJn,ZAC
2538,johannesburg,BRTJ,ZAC
2539,johannesburg,BSRJ,ZAC
2540,johannesburg,BSSJ,ZAC
2541,johannesburg,BTIJ,ZAC
2542,johannesburg,BUCJ,ZAC
2543,johannesburg,BVTJ,ZAC
2544,johannesburg,BWNJ,ZAC
2545,johannesburg,BWZJ,ZAC
2546,johannesburg,CACJ,ZAC
2547,johannesburg,CATJ,ZAC
2548,johannesburg,CCOJ,ZAC
2549,johannesburg,CFRJ,ZAC
2550,johannesburg,CGNJ,ZAC
2551,johannesburg,CGRJ,ZAC
2552,johannesburg,CHPJ,ZAC
2553,johannesburg,CILJ,ZAC
2554,johannesburg,CKSJ,ZAC
2555,johannesburg,CLHJ,ZAC
2556,johannesburg,CLIJ,ZAC
2557,johannesburg,CLRJ,ZAC
2558,johannesburg,CLSJ,ZAC
2559,johannesburg,CMHJ,ZAC
2560,johannesburg,CMLJ,ZAC
2561,johannesburg,CMOJ,ZAC
2562,johannesburg,CNDJ,ZAC
2563,johannesburg,COHJ,ZAC
2564,johannesburg,COMJ,ZAC
2565,johannesburg,CPIJ,ZAC
2566,johannesburg,CRDJ,ZAC
2567,johannesburg,CRGJ,ZAC
2568,johannesburg,CRPJ,ZAC
2569,johannesburg,CSBJ,ZAC
2570,johannesburg,CSGJ,ZAC
2571,johannesburg,CTAJ,ZAC
2572,johannesburg,CTKJ,ZAC
2573,johannesburg,CULJ,ZAC
2574,johannesburg,CVHJ,ZAC
2575,johannesburg,CZAJ,ZAC
2576,johannesburg,DAWJ,ZAC
2577,johannesburg,DCPJ,ZAC
2578,johannesburg,DIAJ,ZAC
2579,johannesburg,DIBJ,ZAC
2580,johannesburg,DLTJ,ZAC
2581,johannesburg,DNBJ,ZAC
2582,johannesburg,DRDJ,ZAC
2583,johannesburg,DSTJ,ZAC
2584,johannesburg,DSYJ,ZAC
2585,johannesburg,DTAJ,ZAC
2586,johannesburg,DTCJ,ZAC
2587,johannesburg,ECSJ,ZAC
2588,johannesburg,EFGJ,ZAC
2589,johannesburg,ELIJ,ZAC
2590,johannesburg,ELRJ,ZAC
2591,johannesburg,EMHJ,ZAC
2592,johannesburg,EMIJ,ZAC
2593,johannesburg,EMNJn,ZAC
2594,johannesburg,ENXJ,ZAC
2595,johannesburg,EOHJ,ZAC
2596,johannesburg,EPEJ,ZAC
2597,johannesburg,EPPJ,ZAC
2598,johannesburg,EPSJ,ZAC
2599,johannesburg,EQUJ,ZAC
2600,johannesburg,ERNJ,ZAC
2601,johannesburg,ESRJ,ZAC
2602,johannesburg,EXGJ,ZAC
2603,johannesburg,EXXJ,ZAC
2604,johannesburg,FBRJ,ZAC
2605,johannesburg,FCRJ,ZAC
2606,johannesburg,FDPJ,ZAC
2607,johannesburg,FFAJ,ZAC
2608,johannesburg,FFBJ,ZAC
2609,johannesburg,FGLJ,ZAC
2610,johannesburg,FSEJ,ZAC
2611,johannesburg,FSRJ,ZAC
2612,johannesburg,FVTJ,ZAC
2613,johannesburg,GAIJ,ZAC
2614,johannesburg,GAMJ,ZAC
2615,johannesburg,GBIJ,ZAC
2616,johannesburg,GFIJ,ZAC
2617,johannesburg,GLIJ,ZAC
2618,johannesburg,GLNJ,ZAC
2619,johannesburg,GNDJ,ZAC
2620,johannesburg,GPAJ,ZAC
2621,johannesburg,GPBJ,ZAC
2622,johannesburg,GPLJ,ZAC
2623,johannesburg,GRFJ,ZAC
2624,johannesburg,GRPJ,ZAC
2625,johannesburg,GRTJ,ZAC
2626,johannesburg,GTCJ,ZAC
2627,johannesburg,GTRJ,ZAC
2628,johannesburg,HARJ,ZAC
2629,johannesburg,HCIJ,ZAC
2630,johannesburg,HDCJ,ZAC
2631,johannesburg,HETJ,ZAC
2632,johannesburg,HILJ,ZAC
2633,johannesburg,HLMJ,ZAC
2634,johannesburg,HMNJ,ZAC
2635,johannesburg,HPBJ,ZAC
2636,johannesburg,HSPJ,ZAC
2637,johannesburg,HUGJ,ZAC
2638,johannesburg,HULJ,ZAC
2639,johannesburg,HWAJ,ZAC
2640,johannesburg,HWNJ,ZAC
2641,johannesburg,HYPJ,ZAC
2642,johannesburg,IAPJ,ZAC
2643,johannesburg,IDQJ,ZAC
2644,johannesburg,IHLJ,ZAC
2645,johannesburg,ILEJ,ZAC
2646,johannesburg,ILUJ,ZAC
2647,johannesburg,IMPJ,ZAC
2648,johannesburg,INGJ,ZAC
2649,johannesburg,INLJ,ZAC
2650,johannesburg,INPJ,ZAC
2651,johannesburg,IPFJ,ZAC
2652,johannesburg,IPLJ,ZAC
2653,johannesburg,IPSJ,ZAC
2654,johannesburg,ISAJ,ZAC
2655,johannesburg,ISBJ,ZAC
2656,johannesburg,ITEJ,ZAC
2657,johannesburg,ITUJ,ZAC
2658,johannesburg,IVTJ,ZAC
2659,johannesburg,IWEJ,ZAC
2660,johannesburg,JBLJ,ZAC
2661,johannesburg,JSCJ,ZAC
2662,johannesburg,JSEJ,ZAC
2663,johannesburg,KALJ,ZAC
2664,johannesburg,KAPJ,ZAC
2665,johannesburg,KBOJ,ZAC
2666,johannesburg,KDVJ,ZAC
2667,johannesburg,KIOJ,ZAC
2668,johannesburg,KSTJ,ZAC
2669,johannesburg,L2DJ,ZAC
2670,johannesburg,L4LJ,ZAC
2671,johannesburg,LABJ,ZAC
2672,johannesburg,LBHJ,ZAC
2673,johannesburg,LEWJ,ZAC
2674,johannesburg,LHCJ,ZAC
2675,johannesburg,LNFJ,ZAC
2676,johannesburg,LONJ,ZAC
2677,johannesburg,MAPJ,ZAC
2678,johannesburg,MDIJ,ZAC
2679,johannesburg,MEDJ,ZAC
2680,johannesburg,MEIJ,ZAC
2681,johannesburg,MFLJ,ZAC
2682,johannesburg,MIXJ,ZAC
2683,johannesburg,MLDJ,ZAC
2684,johannesburg,MMGJ,ZAC
2685,johannesburg,MMHJ,ZAC
2686,johannesburg,MMIJ,ZAC
2687,johannesburg,MMPJ,ZAC
2688,johannesburg,MNDJ,ZAC
2689,johannesburg,MNKJ,ZAC
2690,johannesburg,MNPJ,ZAC
2691,johannesburg,MPTJ,ZAC
2692,johannesburg,MRFJ,ZAC
2693,johannesburg,MRIJ,ZAC
2694,johannesburg,MRPJ,ZAC
2695,johannesburg,MSMJ,ZAC
2696,johannesburg,MSPJ,ZAC
2697,johannesburg,MSTJ,ZAC
2698,johannesburg,MTAJ,ZAC
2699,johannesburg,MTNJ,ZAC
2700,johannesburg,MURJ,ZAC
2701,johannesburg,MZRJ,ZAC
2702,johannesburg,NCSJ,ZAC
2703,johannesburg,NEDJ,ZAC
2704,johannesburg,NFPJ,ZAC
2705,johannesburg,NHMJ,ZAC
2706,johannesburg,NIVJ,ZAC
2707,johannesburg,NPKJ,ZAC
2708,johannesburg,NPNJn,ZAC
2709,johannesburg,NRLJ,ZAC
2710,johannesburg,NRPJ,ZAC
2711,johannesburg,NT1J,ZAC
2712,johannesburg,NTCJ,ZAC
2713,johannesburg,NUTJ,ZAC
2714,johannesburg,NVSJ,ZAC
2715,johannesburg,NWLJ,ZAC
2716,johannesburg,OAOJ,ZAC
2717,johannesburg,OASJ,ZAC
2718,johannesburg,OCEJ,ZAC
2719,johannesburg,OCTJ,ZAC
2720,johannesburg,OLGJ,ZAC
2721,johannesburg,OMLJ,ZAC
2722,johannesburg,OMNJ,ZAC
2723,johannesburg,OREJ,ZAC
2724,johannesburg,ORNJ,ZAC
2725,johannesburg,PANJ,ZAC
2726,johannesburg,PBGJ,ZAC
2727,johannesburg,PEMJ,ZAC
2728,johannesburg,PFBJ,ZAC
2729,johannesburg,PFGJ,ZAC
2730,johannesburg,PGLJ,ZAC
2731,johannesburg,PGRJ,ZAC
2732,johannesburg,PHMJ,ZAC
2733,johannesburg,PIKJ,ZAC
2734,johannesburg,PMVJ,ZAC
2735,johannesburg,PPCJ,ZAC
2736,johannesburg,PPEJ,ZAC
2737,johannesburg,PPRJ,ZAC
2738,johannesburg,PSGJ,ZAC
2739,johannesburg,PSVJ,ZAC
2740,johannesburg,QFHJ,ZAC
2741,johannesburg,RBAJ,ZAC
2742,johannesburg,RBPJ,ZAC
2743,johannesburg,RBXJ,ZAC
2744,johannesburg,RCLJ,ZAC
2745,johannesburg,RDFJ,ZAC
2746,johannesburg,RDIJ,ZAC
2747,johannesburg,REAJ,ZAC
2748,johannesburg,REBJ,ZAC
2749,johannesburg,REIJ,ZAC
2750,johannesburg,REMJ,ZAC
2751,johannesburg,RENJ,ZAC
2752,johannesburg,RESJ,ZAC
2753,johannesburg,RFGJ,ZAC
2754,johannesburg,RHBJ,ZAC
2755,johannesburg,RLFJ,ZAC
2756,johannesburg,RLOJ,ZAC
2757,johannesburg,RMHJ,ZAC
2758,johannesburg,RMIJ,ZAC
2759,johannesburg,RNGJ,ZAC
2760,johannesburg,RPLJ,ZAC
2761,johannesburg,RSGJ,ZAC
2762,johannesburg,RTNJn,ZAC
2763,johannesburg,RTOJ,ZAC
2764,johannesburg,S32J,ZAC
2765,johannesburg,SACJ,ZAC
2766,johannesburg,SAPJ,ZAC
2767,johannesburg,SARJ,ZAC
2768,johannesburg,SBKJ,ZAC
2769,johannesburg,SBVJ,ZAC
2770,johannesburg,SCDJ,ZAC
2771,johannesburg,SCLJ,ZAC
2772,johannesburg,SCPJ,ZAC
2773,johannesburg,SDOJ,ZAC
2774,johannesburg,SEAJ,ZAC
2775,johannesburg,SEPJ,ZAC
2776,johannesburg,SFNJ,ZAC
2777,johannesburg,SGLJ,ZAC
2778,johannesburg,SHGJ,ZAC
2779,johannesburg,SHPJ,ZAC
2780,johannesburg,SIPBEEJ,ZAC
2781,johannesburg,SLMJ,ZAC
2782,johannesburg,SNHJ,ZAC
2783,johannesburg,SNTJ,ZAC
2784,johannesburg,SNVJ,ZAC
2785,johannesburg,SOHJ,ZAC
2786,johannesburg,SOLBE1J,ZAC
2787,johannesburg,SOLJ,ZAC
2788,johannesburg,SOVJ,ZAC
2789,johannesburg,SPAJ,ZAC
2790,johannesburg,SPGJ,ZAC
2791,johannesburg,SPPJ,ZAC
2792,johannesburg,SRRJ,ZAC
2793,johannesburg,SSKJ,ZAC
2794,johannesburg,SSSJ,ZAC
2795,johannesburg,STAJ,ZAC
2796,johannesburg,STPJ,ZAC
2797,johannesburg,SUIJ,ZAC
2798,johannesburg,SURJ,ZAC
2799,johannesburg,SVBJ,ZAC
2800,johannesburg,SVNJn,ZAC
2801,johannesburg,SYGJ,ZAC
2802,johannesburg,TASJ,ZAC
2803,johannesburg,TAWJ,ZAC
2804,johannesburg,TBGJ,ZAC
2805,johannesburg,TBSJ,ZAC
2806,johannesburg,TCPJ,ZAC
2807,johannesburg,TCSJ,ZAC
2808,johannesburg,TDHJ,ZAC
2809,johannesburg,TEXJ,ZAC
2810,johannesburg,TFGJ,ZAC
2811,johannesburg,THAJ,ZAC
2812,johannesburg,TKGJ,ZAC
2813,johannesburg,TLMJ,ZAC
2814,johannesburg,TMTJ,ZAC
2815,johannesburg,TONJ,ZAC
2816,johannesburg,TORJ,ZAC
2817,johannesburg,TPCJ,ZAC
2818,johannesburg,TPFJ,ZAC
2819,johannesburg,TREJ,ZAC
2820,johannesburg,TRLJ,ZAC
2821,johannesburg,TRUJ,ZAC
2822,johannesburg,TSHJ,ZAC
2823,johannesburg,TSXJ,ZAC
2824,johannesburg,TTOJ,ZAC
2825,johannesburg,TWRJ,ZAC
2826,johannesburg,UCPJ,ZAC
2827,johannesburg,UPLJ,ZAC
2828,johannesburg,VINJ,ZAC
2829,johannesburg,VISJ,ZAC
2830,johannesburg,VKEJ,ZAC
2831,johannesburg,VLEJ,ZAC
2832,johannesburg,VMKJ,ZAC
2833,johannesburg,VODJ,ZAC
2834,johannesburg,VUNJ,ZAC
2835,johannesburg,WBOJ,ZAC
2836,johannesburg,WCCJ,ZAC
2837,johannesburg,WEAJ,ZAC
2838,johannesburg,WEZJ,ZAC
2839,johannesburg,WHLJ,ZAC
2840,johannesburg,WILJ,ZAC
2841,johannesburg,WKFJ,ZAC
2842,johannesburg,WSLJ,ZAC
2843,johannesburg,YRKJ,ZAC
2844,johannesburg,YYLBEEJ,ZAC
2845,johannesburg,ZCIJ,ZAC
2846,johannesburg,ZEDJ,ZAC
2847,sao_paulo,AALL34,BRL
2848,sao_paulo,AALR3,BRL
2849,sao_paulo,AAPL34,BRL
2850,sao_paulo,ABBV34,BRL
2851,sao_paulo,ABCB4,BRL
2852,sao_paulo,ABCP11,BRL
2853,sao_paulo,ABEV3,BRL
2854,sao_paulo,ABTT34,BRL
2855,sao_paulo,ACNB34,BRL
2856,sao_paulo,ADHM3,BRL
2857,sao_paulo,AEFI11,BRL
2858,sao_paulo,AELP3,BRL
2859,sao_paulo,AETB34,BRL
2860,sao_paulo,AFLT3,BRL
2861,sao_paulo,AFLU3,BRL
2862,sao_paulo,AFLU5,BRL
2863,sao_paulo,AFLU6,BRL
2864,sao_paulo,AGCX11,BRL
2865,sao_paulo,AGRO3,BRL
2866,sao_paulo,AHEB3,BRL
2867,sao_paulo,AHEB5,BRL
2868,sao_paulo,AHEB6,BRL
2869,sao_paulo,AIGB34,BRL
2870,sao_paulo,ALMI11,BRL
2871,sao_paulo,ALPA3,BRL
2872,sao_paulo,ALPA4,BRL
2873,sao_paulo,ALSC3,BRL
2874,sao_paulo,ALTS11,BRL
2875,sao_paulo,ALTS3,BRL
2876,sao_paulo,ALUP11,BRL
2877,sao_paulo,ALUP3,BRL
2878,sao_paulo,ALUP4,BRL
2879,sao_paulo,AMAR3,BRL
2880,sao_paulo,AMGN34,BRL
2881,sao_paulo,AMZO34,BRL
2882,sao_paulo,ANDV34,BRL
2883,sao_paulo,ANIM3,BRL
2884,sao_paulo,APTI3,BRL
2885,sao_paulo,APTI4,BRL
2886,sao_paulo,AQLL11,BRL
2887,sao_paulo,ARMT34,BRL
2888,sao_paulo,ARNC34,BRL
2889,sao_paulo,ARZZ3,BRL
2890,sao_paulo,ATCR11,BRL
2891,sao_paulo,ATOM3,BRL
2892,sao_paulo,ATTB34,BRL
2893,sao_paulo,AVON34,BRL
2894,sao_paulo,AXPB34,BRL
2895,sao_paulo,AZEV3,BRL
2896,sao_paulo,AZEV4,BRL
2897,sao_paulo,AZUL4,BRL
2898,sao_paulo,BAHI3,BRL
2899,sao_paulo,BALM3,BRL
2900,sao_paulo,BALM4,BRL
2901,sao_paulo,BAUH3,BRL
2902,sao_paulo,BAUH4,BRL
2903,sao_paulo,BAZA3,BRL
2904,sao_paulo,BBAS11,BRL
2905,sao_paulo,BBAS12,BRL
2906,sao_paulo,BBAS3,BRL
2907,sao_paulo,BBDC3,BRL
2908,sao_paulo,BBDC4,BRL
2909,sao_paulo,BBIM11,BRL
2910,sao_paulo,BBPO11,BRL
2911,sao_paulo,BBRC11,BRL
2912,sao_paulo,BBRK3,BRL
2913,sao_paulo,BBSD11,BRL
2914,sao_paulo,BBSE3,BRL
2915,sao_paulo,BBVJ11,BRL
2916,sao_paulo,BBYY34,BRL
2917,sao_paulo,BCIA11,BRL
2918,sao_paulo,BCRI11,BRL
2919,sao_paulo,BDLL3,BRL
2920,sao_paulo,BDLL4,BRL
2921,sao_paulo,BDRU11,BRL
2922,sao_paulo,BDRX11,BRL
2923,sao_paulo,BEEF3,BRL
2924,sao_paulo,BEES3,BRL
2925,sao_paulo,BEES4,BRL
2926,sao_paulo,BERK34,BRL
2927,sao_paulo,BFRE11,BRL
2928,sao_paulo,BFRE12,BRL
2929,sao_paulo,BGIP3,BRL
2930,sao_paulo,BGIP4,BRL
2931,sao_paulo,BIIB34,BRL
2932,sao_paulo,BIOM3,BRL
2933,sao_paulo,BLAK34,BRL
2934,sao_paulo,BMEB3,BRL
2935,sao_paulo,BMEB4,BRL
2936,sao_paulo,BMII11,BRL
2937,sao_paulo,BMIN3,BRL
2938,sao_paulo,BMIN4,BRL
2939,sao_paulo,BMKS3,BRL
2940,sao_paulo,BMYB34,BRL
2941,sao_paulo,BNBR3,BRL
2942,sao_paulo,BNFS11,BRL
2943,sao_paulo,BOAC34,BRL
2944,sao_paulo,BOBR3,BRL
2945,sao_paulo,BOBR4,BRL
2946,sao_paulo,BOEI34,BRL
2947,sao_paulo,BONY34,BRL
2948,sao_paulo,BOVA11,BRL
2949,sao_paulo,BOVV11,BRL
2950,sao_paulo,BOXP34,BRL
2951,sao_paulo,BPAC11,BRL
2952,sao_paulo,BPAC3,BRL
2953,sao_paulo,BPAC5,BRL
2954,sao_paulo,BPAN4,BRL
2955,sao_paulo,BPAR3,BRL
2956,sao_paulo,BPAT33,BRL
2957,sao_paulo,BPFF11,BRL
2958,sao_paulo,BPHA3,BRL
2959,sao_paulo,BRAP3,BRL
2960,sao_paulo,BRAP4,BRL
2961,sao_paulo,BRAX11,BRL
2962,sao_paulo,BRCP11,BRL
2963,sao_paulo,BRCR11,BRL
2964,sao_paulo,BRFS3,BRL
2965,sao_paulo,BRGE11,BRL
2966,sao_paulo,BRGE12,BRL
2967,sao_paulo,BRGE3,BRL
2968,sao_paulo,BRGE5,BRL
2969,sao_paulo,BRGE6,BRL
2970,sao_paulo,BRGE7,BRL
2971,sao_paulo,BRGE8,BRL
2972,sao_paulo,BRIN3,BRL
2973,sao_paulo,BRIV3,BRL
2974,sao_paulo,BRIV4,BRL
2975,sao_paulo,BRKM3,BRL
2976,sao_paulo,BRKM5,BRL
2977,sao_paulo,BRKM6,BRL
2978,sao_paulo,BRML3,BRL
2979,sao_paulo,BRPR3,BRL
2980,sao_paulo,BRQB3,BRL
2981,sao_paulo,BRSR3,BRL
2982,sao_paulo,BRSR5,BRL
2983,sao_paulo,BRSR6,BRL
2984,sao_paulo,BSAN33,BRL
2985,sao_paulo,BSEV3,BRL
2986,sao_paulo,BSLI3,BRL
2987,sao_paulo,BSLI4,BRL
2988,sao_paulo,BTOW3,BRL
2989,sao_paulo,BTTL3,BRL
2990,sao_paulo,BTTL4,BRL
2991,sao_paulo,BVAR11,BRL
2992,sao_paulo,BVMF3,BRL
2993,sao_paulo,CALI3,BRL
2994,sao_paulo,CALI4,BRL
2995,sao_paulo,CAMB3,BRL
2996,sao_paulo,CAMB4,BRL
2997,sao_paulo,CAML3,BRL
2998,sao_paulo,CARD3,BRL
2999,sao_paulo,CARE11,BRL
3000,sao_paulo,CASN3,BRL
3001,sao_paulo,CASN4,BRL
3002,sao_paulo,CATA3,BRL
3003,sao_paulo,CATA4,BRL
3004,sao_paulo,CATP34,BRL
3005,sao_paulo,CBEE3,BRL
3006,sao_paulo,CBOP11,BRL
3007,sao_paulo,CCPR3,BRL
3008,sao_paulo,CCRO3,BRL
3009,sao_paulo,CCXC3,BRL
3010,sao_paulo,CEBR3,BRL
3011,sao_paulo,CEBR5,BRL
3012,sao_paulo,CEBR6,BRL
3013,sao_paulo,CEDO3,BRL
3014,sao_paulo,CEDO4,BRL
3015,sao_paulo,CEEB3,BRL
3016,sao_paulo,CEEB5,BRL
3017,sao_paulo,CEEB6,BRL
3018,sao_paulo,CEED3,BRL
3019,sao_paulo,CEED4,BRL
3020,sao_paulo,CEGR3,BRL
3021,sao_paulo,CELP3,BRL
3022,sao_paulo,CELP5,BRL
3023,sao_paulo,CELP6,BRL
3024,sao_paulo,CELP7,BRL
3025,sao_paulo,CEOC11,BRL
3026,sao_paulo,CEPE3,BRL
3027,sao_paulo,CEPE5,BRL
3028,sao_paulo,CEPE6,BRL
3029,sao_paulo,CESP3,BRL
3030,sao_paulo,CESP5,BRL
3031,sao_paulo,CESP6,BRL
3032,sao_paulo,CGAS3,BRL
3033,sao_paulo,CGAS5,BRL
3034,sao_paulo,CGRA3,BRL
3035,sao_paulo,CGRA4,BRL
3036,sao_paulo,CHKE34,BRL
3037,sao_paulo,CHVX34,BRL
3038,sao_paulo,CIEL3,BRL
3039,sao_paulo,CLGN34,BRL
3040,sao_paulo,CLSC3,BRL
3041,sao_paulo,CLSC4,BRL
3042,sao_paulo,CMCS34,BRL
3043,sao_paulo,CMIG3,BRL
3044,sao_paulo,CMIG4,BRL
3045,sao_paulo,CMSA3,BRL
3046,sao_paulo,CMSA4,BRL
3047,sao_paulo,CNES11,BRL
3048,sao_paulo,CNSY3,BRL
3049,sao_paulo,COCA34,BRL
3050,sao_paulo,COCE3,BRL
3051,sao_paulo,COCE5,BRL
3052,sao_paulo,COCE6,BRL
3053,sao_paulo,COLG34,BRL
3054,sao_paulo,COPH34,BRL
3055,sao_paulo,CORR3,BRL
3056,sao_paulo,CORR4,BRL
3057,sao_paulo,COTY34,BRL
3058,sao_paulo,COWC34,BRL
3059,sao_paulo,CPFE3,BRL
3060,sao_paulo,CPLE3,BRL
3061,sao_paulo,CPLE5,BRL
3062,sao_paulo,CPLE6,BRL
3063,sao_paulo,CPRE3,BRL
3064,sao_paulo,CRDE3,BRL
3065,sao_paulo,CREM3,BRL
3066,sao_paulo,CRFB3,BRL
3067,sao_paulo,CRIV3,BRL
3068,sao_paulo,CRIV4,BRL
3069,sao_paulo,CRPG3,BRL
3070,sao_paulo,CRPG5,BRL
3071,sao_paulo,CRPG6,BRL
3072,sao_paulo,CSAB3,BRL
3073,sao_paulo,CSAB4,BRL
3074,sao_paulo,CSAN3,BRL
3075,sao_paulo,CSCO34,BRL
3076,sao_paulo,CSMG3,BRL
3077,sao_paulo,CSNA3,BRL
3078,sao_paulo,CSRN3,BRL
3079,sao_paulo,CSRN5,BRL
3080,sao_paulo,CSRN6,BRL
3081,sao_paulo,CTAX3,BRL
3082,sao_paulo,CTCA3,BRL
3083,sao_paulo,CTGP34,BRL
3084,sao_paulo,CTKA3,BRL
3085,sao_paulo,CTKA4,BRL
3086,sao_paulo,CTNM3,BRL
3087,sao_paulo,CTNM4,BRL
3088,sao_paulo,CTSA3,BRL
3089,sao_paulo,CTSA4,BRL
3090,sao_paulo,CTSA8,BRL
3091,sao_paulo,CTSH34,BRL
3092,sao_paulo,CTXT11,BRL
3093,sao_paulo,CVCB3,BRL
3094,sao_paulo,CVSH34,BRL
3095,sao_paulo,CXRI11,BRL
3096,sao_paulo,CXTL11,BRL
3097,sao_paulo,CYRE3,BRL
3098,sao_paulo,CZLT33,BRL
3099,sao_paulo,DAGB33,BRL
3100,sao_paulo,DASA3,BRL
3101,sao_paulo,DEAI34,BRL
3102,sao_paulo,DHER34,BRL
3103,sao_paulo,DIRR3,BRL
3104,sao_paulo,DISB34,BRL
3105,sao_paulo,DIVO11,BRL
3106,sao_paulo,DMMO3,BRL
3107,sao_paulo,DOHL3,BRL
3108,sao_paulo,DOHL4,BRL
3109,sao_paulo,DOMC11,BRL
3110,sao_paulo,DOWB34,BRL
3111,sao_paulo,DTCY3,BRL
3112,sao_paulo,DTCY4,BRL
3113,sao_paulo,DTEX3,BRL
3114,sao_paulo,DUKB34,BRL
3115,sao_paulo,DUPO34,BRL
3116,sao_paulo,EALT3,BRL
3117,sao_paulo,EALT4,BRL
3118,sao_paulo,EBAY34,BRL
3119,sao_paulo,ECOO11,BRL
3120,sao_paulo,ECOR3,BRL
3121,sao_paulo,ECPR3,BRL
3122,sao_paulo,ECPR4,BRL
3123,sao_paulo,EDGA11,BRL
3124,sao_paulo,EEEL3,BRL
3125,sao_paulo,EEEL4,BRL
3126,sao_paulo,EGIE3,BRL
3127,sao_paulo,EKTR3,BRL
3128,sao_paulo,EKTR4,BRL
3129,sao_paulo,ELEK3,BRL
3130,sao_paulo,ELEK4,BRL
3131,sao_paulo,ELET3,BRL
3132,sao_paulo,ELET5,BRL
3133,sao_paulo,ELET6,BRL
3134,sao_paulo,ELPL3,BRL
3135,sao_paulo,ELPL4,BRL
3136,sao_paulo,EMAE3,BRL
3137,sao_paulo,EMAE4,BRL
3138,sao_paulo,EMBR3,BRL
3139,sao_paulo,ENBR3,BRL
3140,sao_paulo,ENEV3,BRL
3141,sao_paulo,ENGI11,BRL
3142,sao_paulo,ENGI12,BRL
3143,sao_paulo,ENGI3,BRL
3144,sao_paulo,ENGI4,BRL
3145,sao_paulo,ENMT3,BRL
3146,sao_paulo,ENMT4,BRL
3147,sao_paulo,EQTL3,BRL
3148,sao_paulo,ESRX34,BRL
3149,sao_paulo,ESTC3,BRL
3150,sao_paulo,ESTR3,BRL
3151,sao_paulo,ESTR4,BRL
3152,sao_paulo,ESUD11,BRL
3153,sao_paulo,ESUD12,BRL
3154,sao_paulo,ESUT11,BRL
3155,sao_paulo,ESUT12,BRL
3156,sao_paulo,ESUU11,BRL
3157,sao_paulo,ESUU12,BRL
3158,sao_paulo,ETER3,BRL
3159,sao_paulo,EUCA3,BRL
3160,sao_paulo,EUCA4,BRL
3161,sao_paulo,EURO11,BRL
3162,sao_paulo,EVEN3,BRL
3163,sao_paulo,EXXO34,BRL
3164,sao_paulo,EZTC3,BRL
3165,sao_paulo,FAED11,BRL
3166,sao_paulo,FBMC3,BRL
3167,sao_paulo,FBMC4,BRL
3168,sao_paulo,FBOK34,BRL
3169,sao_paulo,FCAS11,BRL
3170,sao_paulo,FCCQ11,BRL
3171,sao_paulo,FCFL11,BRL
3172,sao_paulo,FCXO34,BRL
3173,sao_paulo,FDES11,BRL
3174,sao_paulo,FDMO34,BRL
3175,sao_paulo,FDXB34,BRL
3176,sao_paulo,FESA3,BRL
3177,sao_paulo,FESA4,BRL
3178,sao_paulo,FEXC11,BRL
3179,sao_paulo,FFCI11,BRL
3180,sao_paulo,FHER3,BRL
3181,sao_paulo,FIBR3,BRL
3182,sao_paulo,FIGE3,BRL
3183,sao_paulo,FIGE4,BRL
3184,sao_paulo,FIGS11,BRL
3185,sao_paulo,FIIB11,BRL
3186,sao_paulo,FIND11,BRL
3187,sao_paulo,FINF11,BRL
3188,sao_paulo,FIVN11,BRL
3189,sao_paulo,FIXX11,BRL
3190,sao_paulo,FJTA3,BRL
3191,sao_paulo,FJTA4,BRL
3192,sao_paulo,FLMA11,BRL
3193,sao_paulo,FLRP11,BRL
3194,sao_paulo,FLRY3,BRL
3195,sao_paulo,FMOF11,BRL
3196,sao_paulo,FMXB34,BRL
3197,sao_paulo,FNAM11,BRL
3198,sao_paulo,FNCN3,BRL
3199,sao_paulo,FNOR11,BRL
3200,sao_paulo,FOFT11,BRL
3201,sao_paulo,FOMS3,BRL
3202,sao_paulo,FPAB11,BRL
3203,sao_paulo,FPNG11,BRL
3204,sao_paulo,FPOR11,BRL
3205,sao_paulo,FRAS3,BRL
3206,sao_paulo,FRIO3,BRL
3207,sao_paulo,FRTA3,BRL
3208,sao_paulo,FSLR34,BRL
3209,sao_paulo,FSPE11,BRL
3210,sao_paulo,FSRF11,BRL
3211,sao_paulo,FSTU11,BRL
3212,sao_paulo,FVBI11,BRL
3213,sao_paulo,FVPQ11,BRL
3214,sao_paulo,GBIO33,BRL
3215,sao_paulo,GDBR34,BRL
3216,sao_paulo,GEOO34,BRL
3217,sao_paulo,GEPA3,BRL
3218,sao_paulo,GEPA4,BRL
3219,sao_paulo,GFSA3,BRL
3220,sao_paulo,GGBR3,BRL
3221,sao_paulo,GGBR4,BRL
3222,sao_paulo,GGRC11,BRL
3223,sao_paulo,GILD34,BRL
3224,sao_paulo,GMCO34,BRL
3225,sao_paulo,GOAU3,BRL
3226,sao_paulo,GOAU4,BRL
3227,sao_paulo,GOGL34,BRL
3228,sao_paulo,GOGL35,BRL
3229,sao_paulo,GOLL4,BRL
3230,sao_paulo,GOVE11,BRL
3231,sao_paulo,GPAR3,BRL
3232,sao_paulo,GPCP3,BRL
3233,sao_paulo,GPCP4,BRL
3234,sao_paulo,GPIV33,BRL
3235,sao_paulo,GPRO34,BRL
3236,sao_paulo,GPSI34,BRL
3237,sao_paulo,GRLV11,BRL
3238,sao_paulo,GRND3,BRL
3239,sao_paulo,GRUC3,BRL
3240,sao_paulo,GRUC6,BRL
3241,sao_paulo,GSGI34,BRL
3242,sao_paulo,GSHP3,BRL
3243,sao_paulo,GUAR3,BRL
3244,sao_paulo,GUAR4,BRL
3245,sao_paulo,GVFF11,BRL
3246,sao_paulo,GWIR11,BRL
3247,sao_paulo,HAGA3,BRL
3248,sao_paulo,HAGA4,BRL
3249,sao_paulo,HALI34,BRL
3250,sao_paulo,HBOR3,BRL
3251,sao_paulo,HBTS3,BRL
3252,sao_paulo,HBTS5,BRL
3253,sao_paulo,HBTS6,BRL
3254,sao_paulo,HCBR3,BRL
3255,sao_paulo,HCRI11,BRL
3256,sao_paulo,HETA3,BRL
3257,sao_paulo,HETA4,BRL
3258,sao_paulo,HGBS11,BRL
3259,sao_paulo,HGCR11,BRL
3260,sao_paulo,HGJH11,BRL
3261,sao_paulo,HGLG11,BRL
3262,sao_paulo,HGRE11,BRL
3263,sao_paulo,HGTX3,BRL
3264,sao_paulo,HOME34,BRL
3265,sao_paulo,HONB34,BRL
3266,sao_paulo,HOOT3,BRL
3267,sao_paulo,HOOT4,BRL
3268,sao_paulo,HPQB34,BRL
3269,sao_paulo,HSHY34,BRL
3270,sao_paulo,HTMX11,BRL
3271,sao_paulo,HYPE3,BRL
3272,sao_paulo,IBMB34,BRL
3273,sao_paulo,IBOV11,BRL
3274,sao_paulo,IBRA11,BRL
3275,sao_paulo,IBXL11,BRL
3276,sao_paulo,IBXX11,BRL
3277,sao_paulo,ICON11,BRL
3278,sao_paulo,IDIV11,BRL
3279,sao_paulo,IDNT3,BRL
3280,sao_paulo,IDVL3,BRL
3281,sao_paulo,IDVL4,BRL
3282,sao_paulo,IEEX11,BRL
3283,sao_paulo,IFIX11,BRL
3284,sao_paulo,IFNC11,BRL
3285,sao_paulo,IGBR3,BRL
3286,sao_paulo,IGCT11,BRL
3287,sao_paulo,IGCX11,BRL
3288,sao_paulo,IGNM11,BRL
3289,sao_paulo,IGSN3,BRL
3290,sao_paulo,IGTA3,BRL
3291,sao_paulo,IMAT11,BRL
3292,sao_paulo,IMOB11,BRL
3293,sao_paulo,INDX11,BRL
3294,sao_paulo,INEP3,BRL
3295,sao_paulo,INEP4,BRL
3296,sao_paulo,IPNN3,BRL
3297,sao_paulo,IRBR3,BRL
3298,sao_paulo,ISEE11,BRL
3299,sao_paulo,ISUS11,BRL
3300,sao_paulo,ITAG11,BRL
3301,sao_paulo,ITEC3,BRL
3302,sao_paulo,ITLC34,BRL
3303,sao_paulo,ITSA3,BRL
3304,sao_paulo,ITSA4,BRL
3305,sao_paulo,ITUB3,BRL
3306,sao_paulo,ITUB4,BRL
3307,sao_paulo,IVBX11,BRL
3308,sao_paulo,IVVB11,BRL
3309,sao_paulo,JBDU3,BRL
3310,sao_paulo,JBDU4,BRL
3311,sao_paulo,JBSS3,BRL
3312,sao_paulo,JCPC34,BRL
3313,sao_paulo,JFEN3,BRL
3314,sao_paulo,JHSF3,BRL
3315,sao_paulo,JNJB34,BRL
3316,sao_paulo,JOPA3,BRL
3317,sao_paulo,JOPA4,BRL
3318,sao_paulo,JPMC34,BRL
3319,sao_paulo,JPPC11,BRL
3320,sao_paulo,JRDM11,BRL
3321,sao_paulo,JSLG3,BRL
3322,sao_paulo,JSRE11,BRL
3323,sao_paulo,JTPR11,BRL
3324,sao_paulo,KEPL11,BRL
3325,sao_paulo,KEPL3,BRL
3326,sao_paulo,KHCB34,BRL
3327,sao_paulo,KINP11,BRL
3328,sao_paulo,KLBN11,BRL
3329,sao_paulo,KLBN3,BRL
3330,sao_paulo,KLBN4,BRL
3331,sao_paulo,KMBB34,BRL
3332,sao_paulo,KNCR11,BRL
3333,sao_paulo,KNIP11,BRL
3334,sao_paulo,KNRE11,BRL
3335,sao_paulo,KNRI11,BRL
3336,sao_paulo,KROT3,BRL
3337,sao_paulo,LAME3,BRL
3338,sao_paulo,LAME4,BRL
3339,sao_paulo,LBRN34,BRL
3340,sao_paulo,LCAM3,BRL
3341,sao_paulo,LEVE3,BRL
3342,sao_paulo,LHER3,BRL
3343,sao_paulo,LHER4,BRL
3344,sao_paulo,LIGT3,BRL
3345,sao_paulo,LILY34,BRL
3346,sao_paulo,LINX3,BRL
3347,sao_paulo,LIPR3,BRL
3348,sao_paulo,LIXC3,BRL
3349,sao_paulo,LIXC4,BRL
3350,sao_paulo,LLIS3,BRL
3351,sao_paulo,LMTB34,BRL
3352,sao_paulo,LOGN12,BRL
3353,sao_paulo,LOGN3,BRL
3354,sao_paulo,LPSB3,BRL
3355,sao_paulo,LREN3,BRL
3356,sao_paulo,LUPA3,BRL
3357,sao_paulo,LUXM3,BRL
3358,sao_paulo,LUXM4,BRL
3359,sao_paulo,MACY34,BRL
3360,sao_paulo,MAGG3,BRL
3361,sao_paulo,MAPT3,BRL
3362,sao_paulo,MAPT4,BRL
3363,sao_paulo,MATB11,BRL
3364,sao_paulo,MAXR11,BRL
3365,sao_paulo,MBRF11,BRL
3366,sao_paulo,MCDC34,BRL
3367,sao_paulo,MDIA3,BRL
3368,sao_paulo,MDLZ34,BRL
3369,sao_paulo,MDTC34,BRL
3370,sao_paulo,MEAL3,BRL
3371,sao_paulo,MEND3,BRL
3372,sao_paulo,MEND5,BRL
3373,sao_paulo,MEND6,BRL
3374,sao_paulo,MERC3,BRL
3375,sao_paulo,MERC4,BRL
3376,sao_paulo,METB34,BRL
3377,sao_paulo,MFII11,BRL
3378,sao_paulo,MGEL3,BRL
3379,sao_paulo,MGEL4,BRL
3380,sao_paulo,MGLU3,BRL
3381,sao_paulo,MILS3,BRL
3382,sao_paulo,MLCX11,BRL
3383,sao_paulo,MLFT3,BRL
3384,sao_paulo,MLFT4,BRL
3385,sao_paulo,MMAQ3,BRL
3386,sao_paulo,MMAQ4,BRL
3387,sao_paulo,MMMC34,BRL
3388,sao_paulo,MMXM11,BRL
3389,sao_paulo,MMXM3,BRL
3390,sao_paulo,MNDL3,BRL
3391,sao_paulo,MNPR3,BRL
3392,sao_paulo,MOAR3,BRL
3393,sao_paulo,MOSC34,BRL
3394,sao_paulo,MOVI3,BRL
3395,sao_paulo,MPLU3,BRL
3396,sao_paulo,MRCK34,BRL
3397,sao_paulo,MRFG3,BRL
3398,sao_paulo,MRVE3,BRL
3399,sao_paulo,MSBR34,BRL
3400,sao_paulo,MSCD34,BRL
3401,sao_paulo,MSFT34,BRL
3402,sao_paulo,MSPA3,BRL
3403,sao_paulo,MSPA4,BRL
3404,sao_paulo,MSRO3,BRL
3405,sao_paulo,MTIG3,BRL
3406,sao_paulo,MTIG4,BRL
3407,sao_paulo,MTSA3,BRL
3408,sao_paulo,MTSA4,BRL
3409,sao_paulo,MULT3,BRL
3410,sao_paulo,MWET3,BRL
3411,sao_paulo,MWET4,BRL
3412,sao_paulo,MXRF11,BRL
3413,sao_paulo,MYPK11,BRL
3414,sao_paulo,MYPK12,BRL
3415,sao_paulo,MYPK3,BRL
3416,sao_paulo,NAFG3,BRL
3417,sao_paulo,NAFG4,BRL
3418,sao_paulo,NATU3,BRL
3419,sao_paulo,NCHB11,BRL
3420,sao_paulo,NEMO3,BRL
3421,sao_paulo,NEMO5,BRL
3422,sao_paulo,NEMO6,BRL
3423,sao_paulo,NFLX34,BRL
3424,sao_paulo,NIKE34,BRL
3425,sao_paulo,NORD3,BRL
3426,sao_paulo,NRTQ3,BRL
3427,sao_paulo,NSLU11,BRL
3428,sao_paulo,NUTR3,BRL
3429,sao_paulo,NVHO11,BRL
3430,sao_paulo,NVRP11,BRL
3431,sao_paulo,ODER3,BRL
3432,sao_paulo,ODER4,BRL
3433,sao_paulo,ODPV3,BRL
3434,sao_paulo,OFSA3,BRL
3435,sao_paulo,OGXP3,BRL
3436,sao_paulo,OIBR3,BRL
3437,sao_paulo,OIBR4,BRL
3438,sao_paulo,OMGE3,BRL
3439,sao_paulo,ONEF11,BRL
3440,sao_paulo,ORCL34,BRL
3441,sao_paulo,OSXB3,BRL
3442,sao_paulo,OUJP11,BRL
3443,sao_paulo,PABY11,BRL
3444,sao_paulo,PACF3,BRL
3445,sao_paulo,PARD3,BRL
3446,sao_paulo,PATI10,BRL
3447,sao_paulo,PATI3,BRL
3448,sao_paulo,PATI4,BRL
3449,sao_paulo,PCAR3,BRL
3450,sao_paulo,PCAR4,BRL
3451,sao_paulo,PDGR11,BRL
3452,sao_paulo,PDGR3,BRL
3453,sao_paulo,PEAB3,BRL
3454,sao_paulo,PEAB4,BRL
3455,sao_paulo,PEPB34,BRL
3456,sao_paulo,PETR3,BRL
3457,sao_paulo,PETR4,BRL
3458,sao_paulo,PFIZ34,BRL
3459,sao_paulo,PFRM3,BRL
3460,sao_paulo,PGCO34,BRL
3461,sao_paulo,PIBB11,BRL
3462,sao_paulo,PINE3,BRL
3463,sao_paulo,PINE4,BRL
3464,sao_paulo,PLAS3,BRL
3465,sao_paulo,PLRI11,BRL
3466,sao_paulo,PMAM3,BRL
3467,sao_paulo,PNVL3,BRL
3468,sao_paulo,PNVL4,BRL
3469,sao_paulo,POMO3,BRL
3470,sao_paulo,POMO4,BRL
3471,sao_paulo,PORD11,BRL
3472,sao_paulo,POSI3,BRL
3473,sao_paulo,PPAR3,BRL
3474,sao_paulo,PPLA11,BRL
3475,sao_paulo,PPLA35,BRL
3476,sao_paulo,PPLA36,BRL
3477,sao_paulo,PQDP11,BRL
3478,sao_paulo,PRCA11,BRL
3479,sao_paulo,PRCA12,BRL
3480,sao_paulo,PRCA3,BRL
3481,sao_paulo,PRIO3,BRL
3482,sao_paulo,PRML3,BRL
3483,sao_paulo,PRSV11,BRL
3484,sao_paulo,PSEG3,BRL
3485,sao_paulo,PSEG4,BRL
3486,sao_paulo,PSSA3,BRL
3487,sao_paulo,PSVM11,BRL
3488,sao_paulo,PTBL3,BRL
3489,sao_paulo,PTNT3,BRL
3490,sao_paulo,PTNT4,BRL
3491,sao_paulo,QCOM34,BRL
3492,sao_paulo,QGEP3,BRL
3493,sao_paulo,QUAL3,BRL
3494,sao_paulo,QUSW3,BRL
3495,sao_paulo,RADL3,BRL
3496,sao_paulo,RAIL3,BRL
3497,sao_paulo,RANI3,BRL
3498,sao_paulo,RANI4,BRL
3499,sao_paulo,RAPT3,BRL
3500,sao_paulo,RAPT4,BRL
3501,sao_paulo,RBBV11,BRL
3502,sao_paulo,RBCB11,BRL
3503,sao_paulo,RBDS11,BRL
3504,sao_paulo,RBGS11,BRL
3505,sao_paulo,RBRD11,BRL
3506,sao_paulo,RBRF11,BRL
3507,sao_paulo,RBVO11,BRL
3508,sao_paulo,RCSL3,BRL
3509,sao_paulo,RCSL4,BRL
3510,sao_paulo,RDES11,BRL
3511,sao_paulo,RDNI3,BRL
3512,sao_paulo,REDE3,BRL
3513,sao_paulo,RENT3,BRL
3514,sao_paulo,RIGG34,BRL
3515,sao_paulo,RLOG3,BRL
3516,sao_paulo,RNDP11,BRL
3517,sao_paulo,RNEW11,BRL
3518,sao_paulo,RNEW3,BRL
3519,sao_paulo,RNEW4,BRL
3520,sao_paulo,RNGO11,BRL
3521,sao_paulo,ROMI3,BRL
3522,sao_paulo,ROST34,BRL
3523,sao_paulo,RPAD3,BRL
3524,sao_paulo,RPAD5,BRL
3525,sao_paulo,RPAD6,BRL
3526,sao_paulo,RPMG3,BRL
3527,sao_paulo,RSID3,BRL
3528,sao_paulo,RSUL3,BRL
3529,sao_paulo,RSUL4,BRL
3530,sao_paulo,SAAG11,BRL
3531,sao_paulo,SANB11,BRL
3532,sao_paulo,SANB3,BRL
3533,sao_paulo,SANB4,BRL
3534,sao_paulo,SANC34,BRL
3535,sao_paulo,SAPR3,BRL
3536,sao_paulo,SAPR4,BRL
3537,sao_paulo,SBSP3,BRL
3538,sao_paulo,SBUB34,BRL
3539,sao_paulo,SCAR3,BRL
3540,sao_paulo,SCHW34,BRL
3541,sao_paulo,SCPF11,BRL
3542,sao_paulo,SDIL11,BRL
3543,sao_paulo,SEDU3,BRL
3544,sao_paulo,SEER3,BRL
3545,sao_paulo,SFND11,BRL
3546,sao_paulo,SGPS3,BRL
3547,sao_paulo,SHOW3,BRL
3548,sao_paulo,SHPH11,BRL
3549,sao_paulo,SHUL3,BRL
3550,sao_paulo,SHUL4,BRL
3551,sao_paulo,SINC11,BRL
3552,sao_paulo,SING11,BRL
3553,sao_paulo,SLBG34,BRL
3554,sao_paulo,SLCE3,BRL
3555,sao_paulo,SLED3,BRL
3556,sao_paulo,SLED4,BRL
3557,sao_paulo,SMAL11,BRL
3558,sao_paulo,SMLL11,BRL
3559,sao_paulo,SMLS3,BRL
3560,sao_paulo,SMTO3,BRL
3561,sao_paulo,SNSL3,BRL
3562,sao_paulo,SNSY3,BRL
3563,sao_paulo,SNSY5,BRL
3564,sao_paulo,SNSY6,BRL
3565,sao_paulo,SOND3,BRL
3566,sao_paulo,SOND5,BRL
3567,sao_paulo,SOND6,BRL
3568,sao_paulo,SPAF11,BRL
3569,sao_paulo,SPRI3,BRL
3570,sao_paulo,SPRI5,BRL
3571,sao_paulo,SPRI6,BRL
3572,sao_paulo,SPRN34,BRL
3573,sao_paulo,SPTW11,BRL
3574,sao_paulo,SPXI11,BRL
3575,sao_paulo,SQRM11,BRL
3576,sao_paulo,SQRM3,BRL
3577,sao_paulo,SSBR3,BRL
3578,sao_paulo,SSFO34,BRL
3579,sao_paulo,STBP3,BRL
3580,sao_paulo,STKF3,BRL
3581,sao_paulo,STTR3,BRL
3582,sao_paulo,SULA11,BRL
3583,sao_paulo,SULA3,BRL
3584,sao_paulo,SULA4,BRL
3585,sao_paulo,SUZB5,BRL
3586,sao_paulo,SUZB6,BRL
3587,sao_paulo,TAEE11,BRL
3588,sao_paulo,TAEE3,BRL
3589,sao_paulo,TAEE4,BRL
3590,sao_paulo,TBOF11,BRL
3591,sao_paulo,TCNO3,BRL
3592,sao_paulo,TCNO4,BRL
3593,sao_paulo,TCSA3,BRL
3594,sao_paulo,TECN3,BRL
3595,sao_paulo,TEKA3,BRL
3596,sao_paulo,TEKA4,BRL
3597,sao_paulo,TELB3,BRL
3598,sao_paulo,TELB4,BRL
3599,sao_paulo,TEND3,BRL
3600,sao_paulo,TESA3,BRL
3601,sao_paulo,TEXA34,BRL
3602,sao_paulo,TFOF11,BRL
3603,sao_paulo,TGMA3,BRL
3604,sao_paulo,TGTB34,BRL
3605,sao_paulo,THRA11,BRL
3606,sao_paulo,TIET11,BRL
3607,sao_paulo,TIET3,BRL
3608,sao_paulo,TIET4,BRL
3609,sao_paulo,TIFF34,BRL
3610,sao_paulo,TIMP3,BRL
3611,sao_paulo,TKNO3,BRL
3612,sao_paulo,TKNO4,BRL
3613,sao_paulo,TMOS34,BRL
3614,sao_paulo,TOTS3,BRL
3615,sao_paulo,TOYB13,BRL
3616,sao_paulo,TOYB3,BRL
3617,sao_paulo,TOYB4,BRL
3618,sao_paulo,TPIS3,BRL
3619,sao_paulo,TRIS3,BRL
3620,sao_paulo,TRNT11,BRL
3621,sao_paulo,TRPL3,BRL
3622,sao_paulo,TRPL4,BRL
3623,sao_paulo,TRPN3,BRL
3624,sao_paulo,TRVC34,BRL
3625,sao_paulo,TRXL11,BRL
3626,sao_paulo,TSLA34,BRL
3627,sao_paulo,TSNC11,BRL
3628,sao_paulo,TUPY3,BRL
3629,sao_paulo,TWTR34,BRL
3630,sao_paulo,TWXB34,BRL
3631,sao_paulo,TXRX3,BRL
3632,sao_paulo,TXRX4,BRL
3633,sao_paulo,UBSG34,BRL
3634,sao_paulo,UCAS3,BRL
3635,sao_paulo,UGPA3,BRL
3636,sao_paulo,UNID3,BRL
3637,sao_paulo,UNIP3,BRL
3638,sao_paulo,UNIP5,BRL
3639,sao_paulo,UNIP6,BRL
3640,sao_paulo,UPAC34,BRL
3641,sao_paulo,UPSS34,BRL
3642,sao_paulo,USBC34,BRL
3643,sao_paulo,USIM3,BRL
3644,sao_paulo,USIM5,BRL
3645,sao_paulo,USIM6,BRL
3646,sao_paulo,USSX34,BRL
3647,sao_paulo,UTEC34,BRL
3648,sao_paulo,UTIL11,BRL
3649,sao_paulo,VALE3,BRL
3650,sao_paulo,VALE5,BRL
3651,sao_paulo,VERE11,BRL
3652,sao_paulo,VERZ34,BRL
3653,sao_paulo,VISA34,BRL
3654,sao_paulo,VISC11,BRL
3655,sao_paulo,VIVR3,BRL
3656,sao_paulo,VIVT3,BRL
3657,sao_paulo,VIVT4,BRL
3658,sao_paulo,VLID3,BRL
3659,sao_paulo,VLJS11,BRL
3660,sao_paulo,VLJS12,BRL
3661,sao_paulo,VLOE34,BRL
3662,sao_paulo,VLOL11,BRL
3663,sao_paulo,VPSI11,BRL
3664,sao_paulo,VRTA11,BRL
3665,sao_paulo,VSPT3,BRL
3666,sao_paulo,VSPT4,BRL
3667,sao_paulo,VULC3,BRL
3668,sao_paulo,VVAR11,BRL
3669,sao_paulo,VVAR3,BRL
3670,sao_paulo,VVAR4,BRL
3671,sao_paulo,WALM34,BRL
3672,sao_paulo,WEGE3,BRL
3673,sao_paulo,WFCO34,BRL
3674,sao_paulo,WHRL3,BRL
3675,sao_paulo,WHRL4,BRL
3676,sao_paulo,WIZS3,BRL
3677,sao_paulo,WLMM3,BRL
3678,sao_paulo,WLMM4,BRL
3679,sao_paulo,WSON33,BRL
3680,sao_paulo,WUNI34,BRL
3681,sao_paulo,XBOV11,BRL
3682,sao_paulo,XPCM11,BRL
3683,sao_paulo,XPOM11,BRL
3684,sao_paulo,XRXB34,BRL
3685,sao_paulo,XTED11,BRL
3686,sgx,AAGH,SGD
3687,sgx,AAIK,SGD
3688,sgx,AART,SGD
3689,sgx,ABFB,SGD
3690,sgx,ABRH,SGD
3691,sgx,ABTR,SGD
3692,sgx,ABUN,SGD
3693,sgx,ACCO,SGD
3694,sgx,ACCR,SGD
3695,sgx,ACEA,SGD
3696,sgx,ACES,SGD
3697,sgx,ACH,USD
3698,sgx,ACMA,SGD
3699,sgx,ACRO,SGD
3700,sgx,ADSA,SGD
3701,sgx,ADVA,SGD
3702,sgx,ADVE,SGD
3703,sgx,ADVN,SGD
3704,sgx,AEHL,SGD
3705,sgx,AEIC,SGD
3706,sgx,AEM,SGD
3707,sgx,AEMN,SGD
3708,sgx,AFGL,SGD
3709,sgx,AGVG,SGD
3710,sgx,AHYG,USD
3711,sgx,AIMS,SGD
3712,sgx,AINT,SGD
3713,sgx,ALIB,HKD
3714,sgx,ALLI,SGD
3715,sgx,ALLT,SGD
3716,sgx,ALPH,SGD
3717,sgx,AMHL,SGD
3718,sgx,AMPL,SGD
3719,sgx,AMRA,SGD
3720,sgx,ANAN,SGD
3721,sgx,ANCH,SGD
3722,sgx,ANHL,SGD
3723,sgx,ANIH,SGD
3724,sgx,ANTE,SGD
3725,sgx,AOIL,SGD
3726,sgx,AOXI,SGD
3727,sgx,APAC,SGD
3728,sgx,APST,SGD
3729,sgx,ARIO,SGD
3730,sgx,ARTT,SGD
3731,sgx,ASCT,SGD
3732,sgx,ASFN,SGD
3733,sgx,ASHP,SGD
3734,sgx,ASIA,SGD
3735,sgx,ASIM,SGD
3736,sgx,ASIP,SGD
3737,sgx,ASLM,SGD
3738,sgx,ASMA,SGD
3739,sgx,ASON,SGD
3740,sgx,ASPA,SGD
3741,sgx,ASPE,SGD
3742,sgx,ASRT,SGD
3743,sgx,ASTA,SGD
3744,sgx,ATIC,SGD
3745,sgx,ATIH,SGD
3746,sgx,ATLA,SGD
3747,sgx,ATTI,SGD
3748,sgx,ATVE,SGD
3749,sgx,AUSG,SGD
3750,sgx,AVAU,SGD
3751,sgx,AVIC,SGD
3752,sgx,AVJH,AUD
3753,sgx,AVTH,SGD
3754,sgx,AXCE,SGD
3755,sgx,AZEU,SGD
3756,sgx,BANL,SGD
3757,sgx,BANY,SGD
3758,sgx,BATE,SGD
3759,sgx,BBRS,SGD
3760,sgx,BCIL,SGD
3761,sgx,BEIJ,SGD
3762,sgx,BENK,SGD
3763,sgx,BEST,SGD
3764,sgx,BHGC,SGD
3765,sgx,BHGR,SGD
3766,sgx,BIDU,USD
3767,sgx,BLAC,SGD
3768,sgx,BLUM,SGD
3769,sgx,BMHL,SGD
3770,sgx,BOLD,SGD
3771,sgx,BOUS,SGD
3772,sgx,BRCA,SGD
3773,sgx,BRET,SGD
3774,sgx,BRJP,USD
3775,sgx,BROO,SGD
3776,sgx,BRRM,SGD
3777,sgx,BRWY,SGD
3778,sgx,BSES,SGD
3779,sgx,BTSS,SGD
3780,sgx,BUMI,SGD
3781,sgx,BVHS,SGD
3782,sgx,CACF,SGD
3783,sgx,CACT,SGD
3784,sgx,CALT,SGD
3785,sgx,CAMS,SGD
3786,sgx,CAPI,SGD
3787,sgx,CAPT,SGD
3788,sgx,CASA,SGD
3789,sgx,CATL,SGD
3790,sgx,CBRG,SGD
3791,sgx,CDLT,SGD
3792,sgx,CDWH,SGD
3793,sgx,CEA,USD
3794,sgx,CEGL,SGD
3795,sgx,CEII,SGD
3796,sgx,CELE,SGD
3797,sgx,CERG,SGD
3798,sgx,CESE,SGD
3799,sgx,CEWL,SGD
3800,sgx,CFMH,SGD
3801,sgx,CFTS,USD
3802,sgx,CGEP,SGD
3803,sgx,CGJG,SGD
3804,sgx,CGXF,SGD
3805,sgx,CHA,USD
3806,sgx,CHAL,SGD
3807,sgx,CHAR,SGD
3808,sgx,CHAS,SGD
3809,sgx,CHEM,SGD
3810,sgx,CHEN,SGD
3811,sgx,CHFI,SGD
3812,sgx,CHGI,SGD
3813,sgx,CHGL,SGD
3814,sgx,CHHA,SGD
3815,sgx,CHHL,SGD
3816,sgx,CHHS,SGD
3817,sgx,CHIA,SGD
3818,sgx,CHIE,USD
3819,sgx,CHIG,SGD
3820,sgx,CHIM,SGD
3821,sgx,CHL,USD
3822,sgx,CHNA,SGD
3823,sgx,CHOF,SGD
3824,sgx,CHOO,SGD
3825,sgx,CHSN,SGD
3826,sgx,CHU,USD
3827,sgx,CHWO,SGD
3828,sgx,CHXS,SGD
3829,sgx,CIPH,SGD
3830,sgx,CISA,USD
3831,sgx,CITI,SGD
3832,sgx,CIVM,SGD
3833,sgx,CJEH,SGD
3834,sgx,CJIS,SGD
3835,sgx,CKFC,SGD
3836,sgx,CKUN,SGD
3837,sgx,CMDG,SGD
3838,sgx,CMIL,SGD
3839,sgx,CMLT,SGD
3840,sgx,CNAO,SGD
3841,sgx,CNCL,SGD
3842,sgx,CNER,SGD
3843,sgx,CNFG,SGD
3844,sgx,CNGR,SGD
3845,sgx,CNHL,SGD
3846,sgx,CNMC,SGD
3847,sgx,COGH,SGD
3848,sgx,COLX,SGD
3849,sgx,COMI,SGD
3850,sgx,CORD,SGD
3851,sgx,CORT,SGD
3852,sgx,COSC,SGD
3853,sgx,COSM,SGD
3854,sgx,COUA,SGD
3855,sgx,COUR,SGD
3856,sgx,CPHL,SGD
3857,sgx,CRCT,SGD
3858,sgx,CREA,SGD
3859,sgx,CSCH,SGD
3860,sgx,CSES,SGD
3861,sgx,CSIL,SGD
3862,sgx,CSKY,SGD
3863,sgx,CSUN,SGD
3864,sgx,CTDM,SGD
3865,sgx,CTRP,USD
3866,sgx,CTTG,SGD
3867,sgx,CWGI,SGD
3868,sgx,CWTD,SGD
3869,sgx,CWXG,SGD
3870,sgx,CYBP,SGD
3871,sgx,CYOU,USD
3872,sgx,DAIR,USD
3873,sgx,DAPA,SGD
3874,sgx,DASI,SGD
3875,sgx,DATA,SGD
3876,sgx,DAUS,USD
3877,sgx,DAXJ,USD
3878,sgx,DBAN,USD
3879,sgx,DBBM,USD
3880,sgx,DBSM,SGD
3881,sgx,DCM,USD
3882,sgx,DCSB,AUD
3883,sgx,DCSI,USD
3884,sgx,DCSX,SGD
3885,sgx,DDHL,SGD
3886,sgx,DECL,SGD
3887,sgx,DELF,SGD
3888,sgx,DELO,SGD
3889,sgx,DEOU,USD
3890,sgx,DESS,SGD
3891,sgx,DESX,USD
3892,sgx,DFVT,USD
3893,sgx,DFXI,USD
3894,sgx,DGLE,USD
3895,sgx,DGSD,USD
3896,sgx,DISA,SGD
3897,sgx,DMBR,USD
3898,sgx,DMCN,USD
3899,sgx,DMEU,USD
3900,sgx,DMHL,SGD
3901,sgx,DMIN,USD
3902,sgx,DMJP,USD
3903,sgx,DMKO,USD
3904,sgx,DMMY,USD
3905,sgx,DMNI,USD
3906,sgx,DMPL,SGD
3907,sgx,DMRC,USD
3908,sgx,DMTH,USD
3909,sgx,DMTW,USD
3910,sgx,DMUS,USD
3911,sgx,DMWO,USD
3912,sgx,DMXT,SGD
3913,sgx,DNIX,USD
3914,sgx,DOSA,USD
3915,sgx,DOSR,USD
3916,sgx,DPAK,USD
3917,sgx,DPDL,SGD
3918,sgx,DPQP,USD
3919,sgx,DPXJ,USD
3920,sgx,DRGN,SGD
3921,sgx,DRWT,SGD
3922,sgx,DSIN,USD
3923,sgx,DSPS,USD
3924,sgx,DTHL,SGD
3925,sgx,DUIT,USD
3926,sgx,DUSD,USD
3927,sgx,DUTD,USD
3928,sgx,DUTY,SGD
3929,sgx,DYCL,SGD
3930,sgx,ECOW,SGD
3931,sgx,ECWO,SGD
3932,sgx,EDIT,SGD
3933,sgx,EELT,USD
3934,sgx,EHHL,SGD
3935,sgx,EIND,SGD
3936,sgx,ELPZ,SGD
3937,sgx,EMAS,SGD
3938,sgx,EMER,SGD
3939,sgx,EMSE,SGD
3940,sgx,ENGR,SGD
3941,sgx,EPHL,SGD
3942,sgx,ESGL,SGD
3943,sgx,ESRR,SGD
3944,sgx,ETEL,SGD
3945,sgx,ETGL,SGD
3946,sgx,ETIK,SGD
3947,sgx,EURO,SGD
3948,sgx,EXCE,SGD
3949,sgx,EZHL,SGD
3950,sgx,EZRA,SGD
3951,sgx,FAEA,SGD
3952,sgx,FAEH,SGD
3953,sgx,FARE,SGD
3954,sgx,FBCH,SGD
3955,sgx,FCRT,SGD
3956,sgx,FEDL,SGD
3957,sgx,FEGL,SGD
3958,sgx,FEMP,SGD
3959,sgx,FFHL,SGD
3960,sgx,FIBR,SGD
3961,sgx,FIGT,SGD
3962,sgx,FJBN,SGD
3963,sgx,FOIL,SGD
3964,sgx,FOPS,SGD
3965,sgx,FORT,HKD
3966,sgx,FRAE,SGD
3967,sgx,FRAG,SGD
3968,sgx,FRCR,SGD
3969,sgx,FRCT,SGD
3970,sgx,FREN,SGD
3971,sgx,FRET,SGD
3972,sgx,FRHO,SGD
3973,sgx,FRLD,SGD
3974,sgx,FRNM,SGD
3975,sgx,FSCA,SGD
3976,sgx,FSLT,SGD
3977,sgx,FULL,SGD
3978,sgx,FUYU,SGD
3979,sgx,FXCG,SGD
3980,sgx,FZPI,SGD
3981,sgx,GAGR,SGD
3982,sgx,GAYL,SGD
3983,sgx,GBYL,SGD
3984,sgx,GCCP,SGD
3985,sgx,GDSG,SGD
3986,sgx,GELA,SGD
3987,sgx,GENH,USD
3988,sgx,GENS,SGD
3989,sgx,GEOE,SGD
3990,sgx,GKEC,SGD
3991,sgx,GKHS,SGD
3992,sgx,GLGP,SGD
3993,sgx,GLLI,SGD
3994,sgx,GLNV,SGD
3995,sgx,GLOB,SGD
3996,sgx,GLPL,SGD
3997,sgx,GLVT,SGD
3998,sgx,GOLD,SGD
3999,sgx,GPBS,SGD
4000,sgx,GPEI,SGD
4001,sgx,GPRL,SGD
4002,sgx,GREE,SGD
4003,sgx,GRPS,SGD
4004,sgx,GSHC,SGD
4005,sgx,GSHO,SGD
4006,sgx,GSSE,SGD
4007,sgx,GTCL,SGD
4008,sgx,GUOA,SGD
4009,sgx,GUOC,SGD
4010,sgx,GYLP,SGD
4011,sgx,HACH,SGD
4012,sgx,HALC,SGD
4013,sgx,HANA,USD
4014,sgx,HANR,USD
4015,sgx,HANW,SGD
4016,sgx,HATT,SGD
4017,sgx,HBC,USD
4018,sgx,HBEE,SGD
4019,sgx,HCSU,SGD
4020,sgx,HEET,SGD
4021,sgx,HEMC,SGD
4022,sgx,HFRY,SGD
4023,sgx,HGCS,SGD
4024,sgx,HGMM,SGD
4025,sgx,HIAP,SGD
4026,sgx,HIPI,SGD
4027,sgx,HKEW,SGD
4028,sgx,HKLD,USD
4029,sgx,HLAA,SGD
4030,sgx,HLEC,SGD
4031,sgx,HLGE,SGD
4032,sgx,HLHG,SGD
4033,sgx,HLHL,SGD
4034,sgx,HLSF,SGD
4035,sgx,HLSG,SGD
4036,sgx,HMIH,SGD
4037,sgx,HNGX,SGD
4038,sgx,HNP,USD
4039,sgx,HNYG,SGD
4040,sgx,HONG,SGD
4041,sgx,HOTU,SGD
4042,sgx,HPAR,SGD
4043,sgx,HPHT,USD
4044,sgx,HPPS,SGD
4045,sgx,HRGS,SGD
4046,sgx,HRNE,SGD
4047,sgx,HSEN,SGD
4048,sgx,HSNG,SGD
4049,sgx,HTCL,SGD
4050,sgx,HTJT,SGD
4051,sgx,HTRS,SGD
4052,sgx,HUAN,SGD
4053,sgx,HUAT,SGD
4054,sgx,HUPS,SGD
4055,sgx,HWHS,SGD
4056,sgx,HYFL,SGD
4057,sgx,IBEV,EUR
4058,sgx,IBPI,SGD
4059,sgx,ICPL,SGD
4060,sgx,IEVH,SGD
4061,sgx,IFAC,SGD
4062,sgx,IFAR,SGD
4063,sgx,IFAS,SGD
4064,sgx,IHHH,SGD
4065,sgx,IKEN,SGD
4066,sgx,IMPE,SGD
4067,sgx,INDI,USD
4068,sgx,INFN,SGD
4069,sgx,INFO,SGD
4070,sgx,INPS,SGD
4071,sgx,INTK,SGD
4072,sgx,INTR,SGD
4073,sgx,IPCC,SGD
4074,sgx,IPCO,SGD
4075,sgx,IPSL,SGD
4076,sgx,IPSS,SGD
4077,sgx,IREI,SGD
4078,sgx,ISDN,SGD
4079,sgx,ISEC,SGD
4080,sgx,ISET,SGD
4081,sgx,ISOT,SGD
4082,sgx,ISRC,SGD
4083,sgx,ITRS,SGD
4084,sgx,IXBI,SGD
4085,sgx,JACK,SGD
4086,sgx,JADA,SGD
4087,sgx,JAHL,SGD
4088,sgx,JAPF,SGD
4089,sgx,JARD,USD
4090,sgx,JASO,USD
4091,sgx,JASP,SGD
4092,sgx,JAYA,SGD
4093,sgx,JBFO,SGD
4094,sgx,JCYC,SGD
4095,sgx,JEPH,SGD
4096,sgx,JIHL,SGD
4097,sgx,JLJH,SGD
4098,sgx,JMGL,SGD
4099,sgx,JPFD,SGD
4100,sgx,JSH,USD
4101,sgx,JSIH,SGD
4102,sgx,JUMB,SGD
4103,sgx,JUTN,SGD
4104,sgx,KARI,SGD
4105,sgx,KASA,SGD
4106,sgx,KATR,SGD
4107,sgx,KBEE,SGD
4108,sgx,KBRO,SGD
4109,sgx,KCAL,SGD
4110,sgx,KCFH,SGD
4111,sgx,KCHL,SGD
4112,sgx,KEHO,SGD
4113,sgx,KEPE,SGD
4114,sgx,KEPL,SGD
4115,sgx,KHON,SGD
4116,sgx,KIMH,SGD
4117,sgx,KIML,SGD
4118,sgx,KIWC,SGD
4119,sgx,KLWH,SGD
4120,sgx,KMAR,SGD
4121,sgx,KMEN,SGD
4122,sgx,KODA,SGD
4123,sgx,KOLA,USD
4124,sgx,KOON,SGD
4125,sgx,KOPL,SGD
4126,sgx,KORI,SGD
4127,sgx,KOYO,SGD
4128,sgx,KPEL,USD
4129,sgx,KPLM,SGD
4130,sgx,KRIS,SGD
4131,sgx,KSHH,SGD
4132,sgx,KSTL,SGD
4133,sgx,KTEL,SGD
4134,sgx,KTLG,SGD
4135,sgx,LAEJ,USD
4136,sgx,LAFE,SGD
4137,sgx,LANG,USD
4138,sgx,LAPX,USD
4139,sgx,LASI,USD
4140,sgx,LASS,SGD
4141,sgx,LCRB,USD
4142,sgx,LCRG,USD
4143,sgx,LCTH,SGD
4144,sgx,LDJI,USD
4145,sgx,LEEM,SGD
4146,sgx,LETL,SGD
4147,sgx,LEYC,SGD
4148,sgx,LHNL,SGD
4149,sgx,LHSI,USD
4150,sgx,LHTH,SGD
4151,sgx,LIAS,SGD
4152,sgx,LIBG,SGD
4153,sgx,LIFE,SGD
4154,sgx,LIGL,SGD
4155,sgx,LINC,SGD
4156,sgx,LIND,USD
4157,sgx,LINR,USD
4158,sgx,LION,SGD
4159,sgx,LIOP,SGD
4160,sgx,LKBH,SGD
4161,sgx,LKH,SGD
4162,sgx,LKOM,SGD
4163,sgx,LKRW,USD
4164,sgx,LLEM,USD
4165,sgx,LLTM,USD
4166,sgx,LMAL,USD
4167,sgx,LMEU,USD
4168,sgx,LMRT,SGD
4169,sgx,LNDX,USD
4170,sgx,LONZ,SGD
4171,sgx,LRBC,SGD
4172,sgx,LRUS,USD
4173,sgx,LRZI,SGD
4174,sgx,LSET,USD
4175,sgx,LTCL,SGD
4176,sgx,LTWN,USD
4177,sgx,LUCS,SGD
4178,sgx,LUKG,SGD
4179,sgx,LUZH,SGD
4180,sgx,LWLD,USD
4181,sgx,MACT,SGD
4182,sgx,MAGN,SGD
4183,sgx,MAIW,USD
4184,sgx,MANH,SGD
4185,sgx,MANU,USD
4186,sgx,MAPE,SGD
4187,sgx,MAPI,SGD
4188,sgx,MAPL,SGD
4189,sgx,MAPM,SGD
4190,sgx,MARY,SGD
4191,sgx,MATE,SGD
4192,sgx,MAXI,SGD
4193,sgx,MCHE,SGD
4194,sgx,MCHL,SGD
4195,sgx,MDRT,SGD
4196,sgx,MDVT,SGD
4197,sgx,MEGA,SGD
4198,sgx,MEGH,SGD
4199,sgx,MEMS,SGD
4200,sgx,MEMT,SGD
4201,sgx,MERC,SGD
4202,sgx,META,SGD
4203,sgx,METE,SGD
4204,sgx,MEWI,SGD
4205,sgx,MFG,USD
4206,sgx,MFSL,SGD
4207,sgx,MIDA,SGD
4208,sgx,MIEL,SGD
4209,sgx,MITD,SGD
4210,sgx,MIYO,SGD
4211,sgx,MMEC,SGD
4212,sgx,MMPC,SGD
4213,sgx,MMPR,SGD
4214,sgx,MOIL,USD
4215,sgx,MONE,SGD
4216,sgx,MOYA,SGD
4217,sgx,MRTL,SGD
4218,sgx,MRUW,JPY
4219,sgx,MSEL,SGD
4220,sgx,MSHO,SGD
4221,sgx,MSML,SGD
4222,sgx,MTCS,SGD
4223,sgx,MTHL,SGD
4224,sgx,MTLS,SGD
4225,sgx,MTU,USD
4226,sgx,MURA,JPY
4227,sgx,MYPL,SGD
4228,sgx,MYSC,SGD
4229,sgx,NATS,SGD
4230,sgx,NAUT,SGD
4231,sgx,NCHL,SGD
4232,sgx,NEOG,SGD
4233,sgx,NERA,SGD
4234,sgx,NETL,SGD
4235,sgx,NEWS,SGD
4236,sgx,NEWW,SGD
4237,sgx,NEXT,SGD
4238,sgx,NICO,SGD
4239,sgx,NIKK,SGD
4240,sgx,NIPP,SGD
4241,sgx,NISE,SGD
4242,sgx,NLPM,SGD
4243,sgx,NMCG,SGD
4244,sgx,NMHD,JPY
4245,sgx,NOBG,SGD
4246,sgx,NOEL,SGD
4247,sgx,NPFH,SGD
4248,sgx,NRGL,SGD
4249,sgx,NTES,USD
4250,sgx,NTOR,SGD
4251,sgx,NTYO,SGD
4252,sgx,NUTR,SGD
4253,sgx,OCBC,SGD
4254,sgx,OCEA,SGD
4255,sgx,OCGL,SGD
4256,sgx,OCKL,SGD
4257,sgx,OELH,SGD
4258,sgx,OKHG,SGD
4259,sgx,OKPH,SGD
4260,sgx,OLAM,SGD
4261,sgx,OLSE,SGD
4262,sgx,ONES,USD
4263,sgx,ORIE,SGD
4264,sgx,OSSA,SGD
4265,sgx,OUEC,SGD
4266,sgx,OUEH,SGD
4267,sgx,OUEL,SGD
4268,sgx,OUER,SGD
4269,sgx,OVER,SGD
4270,sgx,OVES,SGD
4271,sgx,OXHL,SGD
4272,sgx,PACC,SGD
4273,sgx,PACF,SGD
4274,sgx,PACI,SGD
4275,sgx,PACS,SGD
4276,sgx,PANA,SGD
4277,sgx,PANH,SGD
4278,sgx,PANU,SGD
4279,sgx,PAVI,SGD
4280,sgx,PCEN,SGD
4281,sgx,PCIL,SGD
4282,sgx,PECL,SGD
4283,sgx,PERE,SGD
4284,sgx,PFML,SGD
4285,sgx,PGUN,SGD
4286,sgx,PHAR,SGD
4287,sgx,PHIL,USD
4288,sgx,PJSC,USD
4289,sgx,PLAT,SGD
4290,sgx,PLPS,SGD
4291,sgx,PMDS,SGD
4292,sgx,PNEI,SGD
4293,sgx,POGN,SGD
4294,sgx,POLA,SGD
4295,sgx,PRAL,SGD
4296,sgx,PROC,SGD
4297,sgx,PRTL,USD
4298,sgx,PSGH,SGD
4299,sgx,PSLL,SGD
4300,sgx,PTBL,SGD
4301,sgx,PTCL,SGD
4302,sgx,PTR,USD
4303,sgx,PWLR,SGD
4304,sgx,QAFS,SGD
4305,sgx,QGMI,SGD
4306,sgx,QIAN,SGD
4307,sgx,QMDT,SGD
4308,sgx,QTVA,SGD
4309,sgx,RAFF,SGD
4310,sgx,RAFG,SGD
4311,sgx,RAMB,SGD
4312,sgx,REAG,SGD
4313,sgx,REGI,SGD
4314,sgx,RESO,SGD
4315,sgx,REXI,SGD
4316,sgx,RHPG,SGD
4317,sgx,RHTH,SGD
4318,sgx,RKHL,SGD
4319,sgx,RLSE,SGD
4320,sgx,ROTE,SGD
4321,sgx,ROWS,SGD
4322,sgx,RVHL,SGD
4323,sgx,RXYP,SGD
4324,sgx,SABA,SGD
4325,sgx,SAKA,SGD
4326,sgx,SAMR,SGD
4327,sgx,SAMT,SGD
4328,sgx,SAMU,SGD
4329,sgx,SANL,SGD
4330,sgx,SANS,SGD
4331,sgx,SAPP,SGD
4332,sgx,SARI,SGD
4333,sgx,SATK,SGD
4334,sgx,SATS,SGD
4335,sgx,SBDS,SGD
4336,sgx,SBIO,SGD
4337,sgx,SBSR,SGD
4338,sgx,SBVV,SGD
4339,sgx,SCIL,SGD
4340,sgx,SCMN,SGD
4341,sgx,SECD,SGD
4342,sgx,SECL,SGD
4343,sgx,SECU,SGD
4344,sgx,SEEH,SGD
4345,sgx,SENY,SGD
4346,sgx,SERL,SGD
4347,sgx,SERO,SGD
4348,sgx,SERR,SGD
4349,sgx,SFLD,SGD
4350,sgx,SGHC,SGD
4351,sgx,SGLD,USD
4352,sgx,SGXL,SGD
4353,sgx,SHCC,SGD
4354,sgx,SHDS,SGD
4355,sgx,SHEN,SGD
4356,sgx,SHI,USD
4357,sgx,SHIN,SGD
4358,sgx,SHNG,HKD
4359,sgx,SHOP,SGD
4360,sgx,SHTU,SGD
4361,sgx,SIAE,SGD
4362,sgx,SIAL,SGD
4363,sgx,SIHL,SGD
4364,sgx,SIHM,SGD
4365,sgx,SIIC,SGD
4366,sgx,SINA,SGD
4367,sgx,SINC,SGD
4368,sgx,SINE,SGD
4369,sgx,SING,SGD
4370,sgx,SINJ,SGD
4371,sgx,SINL,SGD
4372,sgx,SINO,SGD
4373,sgx,SINP,SGD
4374,sgx,SINV,SGD
4375,sgx,SINW,SGD
4376,sgx,SITR,SGD
4377,sgx,SLVX,SGD
4378,sgx,SMFC,SGD
4379,sgx,SMFL,SGD
4380,sgx,SMGL,SGD
4381,sgx,SMJI,SGD
4382,sgx,SNEX,SGD
4383,sgx,SNLN,SGD
4384,sgx,SNRT,SGD
4385,sgx,SNSR,SGD
4386,sgx,SNTH,SGD
4387,sgx,SOGF,SGD
4388,sgx,SOIL,SGD
4389,sgx,SOOK,SGD
4390,sgx,SOUT,SGD
4391,sgx,SPAC,SGD
4392,sgx,SPAU,SGD
4393,sgx,SPDR,USD
4394,sgx,SPHL,SGD
4395,sgx,SPHR,SGD
4396,sgx,SPIC,SGD
4397,sgx,SPOS,SGD
4398,sgx,SPPS,SGD
4399,sgx,SPRM,SGD
4400,sgx,SPRS,SGD
4401,sgx,SPY,USD
4402,sgx,SRGL,SGD
4403,sgx,SRIF,SGD
4404,sgx,SRPT,SGD
4405,sgx,SRTA,SGD
4406,sgx,SSHP,SGD
4407,sgx,STAB,SGD
4408,sgx,STAR,SGD
4409,sgx,STAS,SGD
4410,sgx,STCM,SGD
4411,sgx,STEG,SGD
4412,sgx,STEL,SGD
4413,sgx,STHL,SGD
4414,sgx,STHO,SGD
4415,sgx,STRA,SGD
4416,sgx,STRT,SGD
4417,sgx,STTF,SGD
4418,sgx,SUHL,SGD
4419,sgx,SUND,SGD
4420,sgx,SUNP,SGD
4421,sgx,SUNR,SGD
4422,sgx,SUNT,SGD
4423,sgx,SUTL,SGD
4424,sgx,SVCH,SGD
4425,sgx,SWBR,SGD
4426,sgx,SWCO,SGD
4427,sgx,SWEE,SGD
4428,sgx,SWMT,SGD
4429,sgx,SYSM,SGD
4430,sgx,SYT,USD
4431,sgx,TACO,SGD
4432,sgx,TAIS,SGD
4433,sgx,TALK,SGD
4434,sgx,TASE,SGD
4435,sgx,TAT,SGD
4436,sgx,TBEV,SGD
4437,sgx,TCHL,SGD
4438,sgx,TCIL,HKD
4439,sgx,TCIN,SGD
4440,sgx,TECC,SGD
4441,sgx,TECH,SGD
4442,sgx,TECK,SGD
4443,sgx,TEEI,SGD
4444,sgx,TEEL,SGD
4445,sgx,TEHO,SGD
4446,sgx,TGLK,SGD
4447,sgx,THAK,SGD
4448,sgx,THEP,SGD
4449,sgx,THET,SGD
4450,sgx,TIAN,USD
4451,sgx,TIHL,SGD
4452,sgx,TINL,SGD
4453,sgx,TION,SGD
4454,sgx,TISE,SGD
4455,sgx,TLVH,SGD
4456,sgx,TM,USD
4457,sgx,TMCE,SGD
4458,sgx,TMCL,SGD
4459,sgx,TOPG,SGD
4460,sgx,TOSE,SGD
4461,sgx,TPGB,SGD
4462,sgx,TPVH,SGD
4463,sgx,TRHL,SGD
4464,sgx,TRIY,SGD
4465,sgx,TRKL,SGD
4466,sgx,TSHC,SGD
4467,sgx,TSHS,SGD
4468,sgx,TTGL,SGD
4469,sgx,TTJH,SGD
4470,sgx,TYES,SGD
4471,sgx,UAFC,SGD
4472,sgx,UGHE,SGD
4473,sgx,UICS,SGD
4474,sgx,UMSH,SGD
4475,sgx,UNIO,SGD
4476,sgx,UNIS,SGD
4477,sgx,UNIT,SGD
4478,sgx,UNIV,SGD
4479,sgx,UNUS,SGD
4480,sgx,UOAL,SGD
4481,sgx,UOBH,SGD
4482,sgx,UOIS,SGD
4483,sgx,UOKH,SGD
4484,sgx,UPLL,USD
4485,sgx,UPPS,SGD
4486,sgx,USCH,SGD
4487,sgx,USPG,SGD
4488,sgx,UTDF,SGD
4489,sgx,UTES,SGD
4490,sgx,UTOS,SGD
4491,sgx,VAMG,SGD
4492,sgx,VARD,SGD
4493,sgx,VCOM,SGD
4494,sgx,VENM,SGD
4495,sgx,VERS,SGD
4496,sgx,VHLD,SGD
4497,sgx,VIBO,SGD
4498,sgx,VIBR,SGD
4499,sgx,VICP,SGD
4500,sgx,VIKO,SGD
4501,sgx,VIVA,SGD
4502,sgx,VLUE,SGD
4503,sgx,VSHN,SGD
4504,sgx,WEIH,SGD
4505,sgx,WHHL,SGD
4506,sgx,WHIT,SGD
4507,sgx,WILT,SGD
4508,sgx,WLAR,SGD
4509,sgx,WLIL,SGD
4510,sgx,WONG,SGD
4511,sgx,WORL,SGD
4512,sgx,WPML,SGD
4513,sgx,WPSL,SGD
4514,sgx,WTHS,SGD
4515,sgx,XMHL,SGD
4516,sgx,YAMR,SGD
4517,sgx,YANG,EUR
4518,sgx,YAZG,SGD
4519,sgx,YHII,SGD
4520,sgx,YHSS,SGD
4521,sgx,YIND,SGD
4522,sgx,YING,SGD
4523,sgx,YNAM,SGD
4524,sgx,YNLG,SGD
4525,sgx,YNMH,SGD
4526,sgx,YOMA,SGD
4527,sgx,YORK,SGD
4528,sgx,YOUN,USD
4529,sgx,YUUZ,SGD
4530,sgx,YVEN,SGD
4531,sgx,ZBRG,SGD
4532,sgx,ZHON,SGD
4533,sgx,ZICO,SGD
4534,sgx,ZIWO,SGD
4535,sgx,ZNH,USD
4536,sgx,ZOBE,SGD
