,0,1
0,asx,1AD.AX
1,asx,1AG.AX
2,asx,1AL.AX
3,asx,1ST.AX
4,asx,3DP.AX
5,asx,3PL.AX
6,asx,4CE.AX
7,asx,4DS.AX
8,asx,4WD.AX
9,asx,88E.AX
10,asx,8CO.AX
11,asx,8EC.AX
12,asx,8IH.AX
13,asx,9SP.AX
14,asx,A2M.AX
15,asx,A3D.AX
16,asx,AAA.AX
17,asx,AAC.AX
18,asx,AAD.AX
19,asx,AAJ.AX
20,asx,AAP.AX
21,asx,AAR.AX
22,asx,AAU.AX
23,asx,AB1.AX
24,asx,ABA.AX
25,asx,ABC.AX
26,asx,ABL.AX
27,asx,ABP.AX
28,asx,ABR.AX
29,asx,ABT.AX
30,asx,ABU.AX
31,asx,ABV.AX
32,asx,ABW.AX
33,asx,ABX.AX
34,asx,AC8.AX
35,asx,ACB.AX
36,asx,ACG.AX
37,asx,ACK.AX
38,asx,ACL.AX
39,asx,ACP.AX
40,asx,ACQ.AX
41,asx,ACR.AX
42,asx,ACS.AX
43,asx,ACW.AX
44,asx,ACX.AX
45,asx,AD1.AX
46,asx,AD8.AX
47,asx,ADA.AX
48,asx,ADD.AX
49,asx,ADH.AX
50,asx,ADJ.AX
51,asx,ADN.AX
52,asx,ADO.AX
53,asx,ADR.AX
54,asx,ADV.AX
55,asx,ADX.AX
56,asx,ADY.AX
57,asx,AEB.AX
58,asx,AEE.AX
59,asx,AEF.AX
60,asx,AEG.AX
61,asx,AEI.AX
62,asx,AER.AX
63,asx,AEV.AX
64,asx,AFA.AX
65,asx,AFG.AX
66,asx,AFI.AX
67,asx,AFP.AX
68,asx,AFR.AX
69,asx,AFT.AX
70,asx,AGD.AX
71,asx,AGE.AX
72,asx,AGG.AX
73,asx,AGI.AX
74,asx,AGJ.AX
75,asx,AGL.AX
76,asx,AGO.AX
77,asx,AGR.AX
78,asx,AGS.AX
79,asx,AHF.AX
80,asx,AHG.AX
81,asx,AHK.AX
82,asx,AHL.AX
83,asx,AHN.AX
84,asx,AHQ.AX
85,asx,AHR.AX
86,asx,AHX.AX
87,asx,AHY.AX
88,asx,AHZ.AX
89,asx,AIA.AX
90,asx,AIB.AX
91,asx,AIQ.AX
92,asx,AIR.AX
93,asx,AIS.AX
94,asx,AIV.AX
95,asx,AIY.AX
96,asx,AIZ.AX
97,asx,AJC.AX
98,asx,AJD.AX
99,asx,AJJ.AX
100,asx,AJL.AX
101,asx,AJM.AX
102,asx,AJQ.AX
103,asx,AJX.AX
104,asx,AKF.AX
105,asx,AKG.AX
106,asx,AKM.AX
107,asx,AKN.AX
108,asx,AKP.AX
109,asx,AL8.AX
110,asx,ALC.AX
111,asx,ALF.AX
112,asx,ALI.AX
113,asx,ALK.AX
114,asx,ALL.AX
115,asx,ALQ.AX
116,asx,ALR.AX
117,asx,ALT.AX
118,asx,ALU.AX
119,asx,ALY.AX
120,asx,AMA.AX
121,asx,AMB.AX
122,asx,AMC.AX
123,asx,AME.AX
124,asx,AMG.AX
125,asx,AMH.AX
126,asx,AMI.AX
127,asx,AML.AX
128,asx,AMN.AX
129,asx,AMO.AX
130,asx,AMP.AX
131,asx,AMT.AX
132,asx,ANG.AX
133,asx,ANL.AX
134,asx,ANN.AX
135,asx,ANO.AX
136,asx,ANP.AX
137,asx,ANR.AX
138,asx,ANW.AX
139,asx,ANZ.AX
140,asx,AO1.AX
141,asx,AOA.AX
142,asx,AOD.AX
143,asx,AOF.AX
144,asx,AOG.AX
145,asx,AOH.AX
146,asx,AOK.AX
147,asx,AON.AX
148,asx,AOP.AX
149,asx,AOU.AX
150,asx,AOW.AX
151,asx,APA.AX
152,asx,APC.AX
153,asx,APD.AX
154,asx,APE.AX
155,asx,APG.AX
156,asx,API.AX
157,asx,APL.AX
158,asx,APO.AX
159,asx,APT.AX
160,asx,APW.AX
161,asx,APX.AX
162,asx,APZ.AX
163,asx,AQC.AX
164,asx,AQD.AX
165,asx,AQF.AX
166,asx,AQG.AX
167,asx,AQI.AX
168,asx,AQQ.AX
169,asx,AQS.AX
170,asx,AQX.AX
171,asx,AQZ.AX
172,asx,ARA.AX
173,asx,ARB.AX
174,asx,ARC.AX
175,asx,ARD.AX
176,asx,ARE.AX
177,asx,ARF.AX
178,asx,ARG.AX
179,asx,ARL.AX
180,asx,ARM.AX
181,asx,ARO.AX
182,asx,ARS.AX
183,asx,ARU.AX
184,asx,ARV.AX
185,asx,ARX.AX
186,asx,ASB.AX
187,asx,ASG.AX
188,asx,ASH.AX
189,asx,ASL.AX
190,asx,ASN.AX
191,asx,ASP.AX
192,asx,AST.AX
193,asx,ASW.AX
194,asx,ASX.AX
195,asx,ATC.AX
196,asx,ATL.AX
197,asx,ATM.AX
198,asx,ATP.AX
199,asx,ATR.AX
200,asx,ATS.AX
201,asx,ATT.AX
202,asx,ATU.AX
203,asx,AU1.AX
204,asx,AU8.AX
205,asx,AUB.AX
206,asx,AUC.AX
207,asx,AUDS.AX
208,asx,AUF.AX
209,asx,AUH.AX
210,asx,AUI.AX
211,asx,AUMF.AX
212,asx,AUP.AX
213,asx,AUQ.AX
214,asx,AUR.AX
215,asx,AUST.AX
216,asx,AUZ.AX
217,asx,AVB.AX
218,asx,AVD.AX
219,asx,AVG.AX
220,asx,AVH.AX
221,asx,AVJ.AX
222,asx,AVL.AX
223,asx,AVN.AX
224,asx,AVQ.AX
225,asx,AVW.AX
226,asx,AVZ.AX
227,asx,AWC.AX
228,asx,AWE.AX
229,asx,AWN.AX
230,asx,AWQ.AX
231,asx,AWV.AX
232,asx,AWY.AX
233,asx,AXE.AX
234,asx,AXI.AX
235,asx,AXL.AX
236,asx,AXP.AX
237,asx,AXT.AX
238,asx,AYF.AX
239,asx,AYI.AX
240,asx,AYJ.AX
241,asx,AYK.AX
242,asx,AYM.AX
243,asx,AYR.AX
244,asx,AYS.AX
245,asx,AYZ.AX
246,asx,AZJ.AX
247,asx,AZM.AX
248,asx,AZS.AX
249,asx,AZV.AX
250,asx,AZY.AX
251,asx,BAF.AX
252,asx,BAL.AX
253,asx,BAP.AX
254,asx,BAR.AX
255,asx,BAS.AX
256,asx,BAT.AX
257,asx,BAU.AX
258,asx,BBG.AX
259,asx,BBL.AX
260,asx,BBN.AX
261,asx,BBOZ.AX
262,asx,BBUS.AX
263,asx,BCB.AX
264,asx,BCI.AX
265,asx,BCK.AX
266,asx,BCN.AX
267,asx,BCT.AX
268,asx,BD1.AX
269,asx,BDA.AX
270,asx,BDI.AX
271,asx,BDR.AX
272,asx,BEAR.AX
273,asx,BEE.AX
274,asx,BEL.AX
275,asx,BEN.AX
276,asx,BFC.AX
277,asx,BFG.AX
278,asx,BGA.AX
279,asx,BGH.AX
280,asx,BGS.AX
281,asx,BHD.AX
282,asx,BHL.AX
283,asx,BHP.AX
284,asx,BID.AX
285,asx,BIG.AX
286,asx,BILL.AX
287,asx,BIN.AX
288,asx,BIQ.AX
289,asx,BIS.AX
290,asx,BIT.AX
291,asx,BKI.AX
292,asx,BKL.AX
293,asx,BKP.AX
294,asx,BKT.AX
295,asx,BKW.AX
296,asx,BKY.AX
297,asx,BLA.AX
298,asx,BLD.AX
299,asx,BLG.AX
300,asx,BLK.AX
301,asx,BLT.AX
302,asx,BLX.AX
303,asx,BLY.AX
304,asx,BLZ.AX
305,asx,BMG.AX
306,asx,BML.AX
307,asx,BMN.AX
308,asx,BMP.AX
309,asx,BMT.AX
310,asx,BMZ.AX
311,asx,BNKS.AX
312,asx,BNO.AX
313,asx,BNR.AX
314,asx,BOA.AX
315,asx,BOC.AX
316,asx,BOE.AX
317,asx,BOL.AX
318,asx,BOND.AX
319,asx,BOQ.AX
320,asx,BOT.AX
321,asx,BPF.AX
322,asx,BPG.AX
323,asx,BPH.AX
324,asx,BPL.AX
325,asx,BPS.AX
326,asx,BPT.AX
327,asx,BRB.AX
328,asx,BRC.AX
329,asx,BRG.AX
330,asx,BRI.AX
331,asx,BRK.AX
332,asx,BRL.AX
333,asx,BRN.AX
334,asx,BRU.AX
335,asx,BSA.AX
336,asx,BSE.AX
337,asx,BSL.AX
338,asx,BSM.AX
339,asx,BSP.AX
340,asx,BSR.AX
341,asx,BST.AX
342,asx,BSX.AX
343,asx,BTC.AX
344,asx,BTH.AX
345,asx,BTI.AX
346,asx,BTT.AX
347,asx,BUB.AX
348,asx,BUD.AX
349,asx,BUG.AX
350,asx,BUL.AX
351,asx,BUX.AX
352,asx,BUY.AX
353,asx,BVS.AX
354,asx,BWF.AX
355,asx,BWP.AX
356,asx,BWR.AX
357,asx,BWX.AX
358,asx,BXB.AX
359,asx,BXN.AX
360,asx,BYE.AX
361,asx,BYH.AX
362,asx,BYI.AX
363,asx,CA8.AX
364,asx,CAA.AX
365,asx,CAB.AX
366,asx,CAE.AX
367,asx,CAF.AX
368,asx,CAI.AX
369,asx,CAJ.AX
370,asx,CAM.AX
371,asx,CAN.AX
372,asx,CAP.AX
373,asx,CAQ.AX
374,asx,CAR.AX
375,asx,CAT.AX
376,asx,CAV.AX
377,asx,CAY.AX
378,asx,CAZ.AX
379,asx,CBA.AX
380,asx,CBC.AX
381,asx,CBL.AX
382,asx,CCA.AX
383,asx,CCE.AX
384,asx,CCJ.AX
385,asx,CCL.AX
386,asx,CCP.AX
387,asx,CCV.AX
388,asx,CCZ.AX
389,asx,CDA.AX
390,asx,CDC.AX
391,asx,CDD.AX
392,asx,CDH.AX
393,asx,CDM.AX
394,asx,CDP.AX
395,asx,CDT.AX
396,asx,CDU.AX
397,asx,CDV.AX
398,asx,CDY.AX
399,asx,CE1.AX
400,asx,CEL.AX
401,asx,CEN.AX
402,asx,CETF.AX
403,asx,CFE.AX
404,asx,CFO.AX
405,asx,CGA.AX
406,asx,CGC.AX
407,asx,CGF.AX
408,asx,CGL.AX
409,asx,CGM.AX
410,asx,CGN.AX
411,asx,CGO.AX
412,asx,CGR.AX
413,asx,CGS.AX
414,asx,CHC.AX
415,asx,CHK.AX
416,asx,CHN.AX
417,asx,CHP.AX
418,asx,CHR.AX
419,asx,CHZ.AX
420,asx,CIA.AX
421,asx,CIE.AX
422,asx,CII.AX
423,asx,CIM.AX
424,asx,CIN.AX
425,asx,CIO.AX
426,asx,CIP.AX
427,asx,CIW.AX
428,asx,CKA.AX
429,asx,CKF.AX
430,asx,CL1.AX
431,asx,CL8.AX
432,asx,CLA.AX
433,asx,CLH.AX
434,asx,CLI.AX
435,asx,CLL.AX
436,asx,CLQ.AX
437,asx,CLT.AX
438,asx,CLV.AX
439,asx,CLW.AX
440,asx,CLX.AX
441,asx,CLY.AX
442,asx,CLZ.AX
443,asx,CM8.AX
444,asx,CMA.AX
445,asx,CMC.AX
446,asx,CMI.AX
447,asx,CMM.AX
448,asx,CMP.AX
449,asx,CMW.AX
450,asx,CND.AX
451,asx,CNI.AX
452,asx,CNJ.AX
453,asx,CNQ.AX
454,asx,CNU.AX
455,asx,CNW.AX
456,asx,CNX.AX
457,asx,CO1.AX
458,asx,COB.AX
459,asx,COE.AX
460,asx,COG.AX
461,asx,COH.AX
462,asx,COI.AX
463,asx,COM.AX
464,asx,COO.AX
465,asx,CORE.AX
466,asx,COY.AX
467,asx,CP1.AX
468,asx,CPH.AX
469,asx,CPU.AX
470,asx,CQG.AX
471,asx,CQR.AX
472,asx,CR8.AX
473,asx,CRB.AX
474,asx,CRL.AX
475,asx,CRM.AX
476,asx,CRR.AX
477,asx,CSE.AX
478,asx,CSL.AX
479,asx,CSR.AX
480,asx,CSS.AX
481,asx,CSV.AX
482,asx,CT1.AX
483,asx,CTD.AX
484,asx,CTE.AX
485,asx,CTL.AX
486,asx,CTM.AX
487,asx,CTN.AX
488,asx,CTO.AX
489,asx,CTP.AX
490,asx,CTX.AX
491,asx,CUE.AX
492,asx,CUL.AX
493,asx,CUP.AX
494,asx,CUV.AX
495,asx,CUX.AX
496,asx,CV1.AX
497,asx,CVC.AX
498,asx,CVN.AX
499,asx,CVS.AX
500,asx,CVT.AX
501,asx,CVV.AX
502,asx,CVW.AX
503,asx,CWN.AX
504,asx,CWP.AX
505,asx,CWY.AX
506,asx,CXM.AX
507,asx,CXO.AX
508,asx,CXU.AX
509,asx,CXX.AX
510,asx,CXZ.AX
511,asx,CYA.AX
512,asx,CYB.AX
513,asx,CYC.AX
514,asx,CYG.AX
515,asx,CYL.AX
516,asx,CYP.AX
517,asx,CYQ.AX
518,asx,CZA.AX
519,asx,CZI.AX
520,asx,CZL.AX
521,asx,CZN.AX
522,asx,CZR.AX
523,asx,CZZ.AX
524,asx,D13.AX
525,asx,D2O.AX
526,asx,DAF.AX
527,asx,DAU.AX
528,asx,DAV.AX
529,asx,DCC.AX
530,asx,DCG.AX
531,asx,DCL.AX
532,asx,DCN.AX
533,asx,DDD.AX
534,asx,DDR.AX
535,asx,DDT.AX
536,asx,DEG.AX
537,asx,DEM.AX
538,asx,DFM.AX
539,asx,DGH.AX
540,asx,DGO.AX
541,asx,DGR.AX
542,asx,DHR.AX
543,asx,DIG.AX
544,asx,DIV.AX
545,asx,DJRE.AX
546,asx,DJW.AX
547,asx,DKM.AX
548,asx,DLC.AX
549,asx,DLX.AX
550,asx,DM1.AX
551,asx,DMC.AX
552,asx,DME.AX
553,asx,DMG.AX
554,asx,DMI.AX
555,asx,DMKT.AX
556,asx,DMP.AX
557,asx,DN8.AX
558,asx,DNA.AX
559,asx,DNK.AX
560,asx,DOR.AX
561,asx,DOW.AX
562,asx,DRA.AX
563,asx,DRG.AX
564,asx,DRK.AX
565,asx,DRM.AX
566,asx,DRO.AX
567,asx,DRUG.AX
568,asx,DRX.AX
569,asx,DSE.AX
570,asx,DSX.AX
571,asx,DTI.AX
572,asx,DTL.AX
573,asx,DTM.AX
574,asx,DTR.AX
575,asx,DTS.AX
576,asx,DTZ.AX
577,asx,DUB.AX
578,asx,DUI.AX
579,asx,DVL.AX
580,asx,DVN.AX
581,asx,DW8.AX
582,asx,DWS.AX
583,asx,DXB.AX
584,asx,DXS.AX
585,asx,DYL.AX
586,asx,E2M.AX
587,asx,EAI.AX
588,asx,EAR.AX
589,asx,EAS.AX
590,asx,EAX.AX
591,asx,EBG.AX
592,asx,EBO.AX
593,asx,ECG.AX
594,asx,ECX.AX
595,asx,EDC.AX
596,asx,EDE.AX
597,asx,EEG.AX
598,asx,EEU.AX
599,asx,EFE.AX
600,asx,EGA.AX
601,asx,EGD.AX
602,asx,EGG.AX
603,asx,EGH.AX
604,asx,EGI.AX
605,asx,EGL.AX
606,asx,EGN.AX
607,asx,EGY.AX
608,asx,EHE.AX
609,asx,EHH.AX
610,asx,EHL.AX
611,asx,EHX.AX
612,asx,ELD.AX
613,asx,ELK.AX
614,asx,ELO.AX
615,asx,ELS.AX
616,asx,ELT.AX
617,asx,ELX.AX
618,asx,EMB.AX
619,asx,EME.AX
620,asx,EMF.AX
621,asx,EMG.AX
622,asx,EMH.AX
623,asx,EML.AX
624,asx,EMR.AX
625,asx,EMU.AX
626,asx,EMX.AX
627,asx,ENA.AX
628,asx,ENB.AX
629,asx,ENC.AX
630,asx,ENN.AX
631,asx,ENR.AX
632,asx,ENT.AX
633,asx,ENX.AX
634,asx,ENZ.AX
635,asx,EOL.AX
636,asx,EOR.AX
637,asx,EOS.AX
638,asx,EPD.AX
639,asx,EPM.AX
640,asx,EPT.AX
641,asx,EPW.AX
642,asx,EQE.AX
643,asx,EQT.AX
644,asx,EQX.AX
645,asx,ERA.AX
646,asx,ERF.AX
647,asx,ERL.AX
648,asx,ERM.AX
649,asx,ESE.AX
650,asx,ESH.AX
651,asx,ESI.AX
652,asx,ESK.AX
653,asx,ESR.AX
654,asx,ESTX.AX
655,asx,ESV.AX
656,asx,ETE.AX
657,asx,ETF.AX
658,asx,ETHI.AX
659,asx,EUC.AX
660,asx,EUR.AX
661,asx,EVE.AX
662,asx,EVN.AX
663,asx,EVO.AX
664,asx,EVS.AX
665,asx,EVT.AX
666,asx,EVZ.AX
667,asx,EWC.AX
668,asx,EX20.AX
669,asx,EXG.AX
670,asx,EXO.AX
671,asx,EXP.AX
672,asx,EXR.AX
673,asx,EXU.AX
674,asx,EYM.AX
675,asx,EZL.AX
676,asx,FAR.AX
677,asx,FBR.AX
678,asx,FBU.AX
679,asx,FCR.AX
680,asx,FCT.AX
681,asx,FDIV.AX
682,asx,FDM.AX
683,asx,FDV.AX
684,asx,FE8.AX
685,asx,FEI.AX
686,asx,FEL.AX
687,asx,FET.AX
688,asx,FFC.AX
689,asx,FFG.AX
690,asx,FFI.AX
691,asx,FFT.AX
692,asx,FGF.AX
693,asx,FGG.AX
694,asx,FGR.AX
695,asx,FGX.AX
696,asx,FHS.AX
697,asx,FID.AX
698,asx,FIG.AX
699,asx,FLC.AX
700,asx,FLK.AX
701,asx,FLN.AX
702,asx,FLOT.AX
703,asx,FLT.AX
704,asx,FMG.AX
705,asx,FML.AX
706,asx,FMS.AX
707,asx,FND.AX
708,asx,FNP.AX
709,asx,FNT.AX
710,asx,FOD.AX
711,asx,FOOD.AX
712,asx,FOR.AX
713,asx,FPC.AX
714,asx,FPH.AX
715,asx,FPL.AX
716,asx,FPP.AX
717,asx,FRC.AX
718,asx,FRI.AX
719,asx,FRM.AX
720,asx,FRN.AX
721,asx,FRX.AX
722,asx,FSA.AX
723,asx,FSF.AX
724,asx,FSG.AX
725,asx,FSI.AX
726,asx,FTT.AX
727,asx,FTZ.AX
728,asx,FUEL.AX
729,asx,FUN.AX
730,asx,FWD.AX
731,asx,FXJ.AX
732,asx,FXL.AX
733,asx,FYA.AX
734,asx,FYI.AX
735,asx,FZO.AX
736,asx,FZR.AX
737,asx,G1A.AX
738,asx,G88.AX
739,asx,GAP.AX
740,asx,GAS.AX
741,asx,GBE.AX
742,asx,GBG.AX
743,asx,GBI.AX
744,asx,GBM.AX
745,asx,GBP.AX
746,asx,GBR.AX
747,asx,GBT.AX
748,asx,GBZ.AX
749,asx,GC1.AX
750,asx,GCM.AX
751,asx,GCR.AX
752,asx,GCS.AX
753,asx,GCY.AX
754,asx,GDF.AX
755,asx,GDI.AX
756,asx,GDX.AX
757,asx,GEAR.AX
758,asx,GED.AX
759,asx,GEM.AX
760,asx,GES.AX
761,asx,GEV.AX
762,asx,GFI.AX
763,asx,GFL.AX
764,asx,GFY.AX
765,asx,GGE.AX
766,asx,GGG.AX
767,asx,GGH.AX
768,asx,GGL.AX
769,asx,GGUS.AX
770,asx,GGX.AX
771,asx,GID.AX
772,asx,GLA.AX
773,asx,GLB.AX
774,asx,GLE.AX
775,asx,GLF.AX
776,asx,GLH.AX
777,asx,GLIN.AX
778,asx,GLL.AX
779,asx,GMA.AX
780,asx,GMC.AX
781,asx,GMD.AX
782,asx,GME.AX
783,asx,GMG.AX
784,asx,GMN.AX
785,asx,GMR.AX
786,asx,GMV.AX
787,asx,GMY.AX
788,asx,GNC.AX
789,asx,GNE.AX
790,asx,GNG.AX
791,asx,GNX.AX
792,asx,GO2.AX
793,asx,GOO.AX
794,asx,GOR.AX
795,asx,GOVT.AX
796,asx,GOW.AX
797,asx,GOZ.AX
798,asx,GPP.AX
799,asx,GPR.AX
800,asx,GPS.AX
801,asx,GPT.AX
802,asx,GPX.AX
803,asx,GRB.AX
804,asx,GROW.AX
805,asx,GRR.AX
806,asx,GRV.AX
807,asx,GSC.AX
808,asx,GSL.AX
809,asx,GSS.AX
810,asx,GSW.AX
811,asx,GTE.AX
812,asx,GTG.AX
813,asx,GTK.AX
814,asx,GTN.AX
815,asx,GTR.AX
816,asx,GTY.AX
817,asx,GUD.AX
818,asx,GUL.AX
819,asx,GVF.AX
820,asx,GWA.AX
821,asx,GWR.AX
822,asx,GXL.AX
823,asx,GXY.AX
824,asx,GZL.AX
825,asx,HACK.AX
826,asx,HAR.AX
827,asx,HAS.AX
828,asx,HAV.AX
829,asx,HAW.AX
830,asx,HCH.AX
831,asx,HCT.AX
832,asx,HE8.AX
833,asx,HEG.AX
834,asx,HEUR.AX
835,asx,HFA.AX
836,asx,HFR.AX
837,asx,HGL.AX
838,asx,HGO.AX
839,asx,HHM.AX
840,asx,HHV.AX
841,asx,HHY.AX
842,asx,HIG.AX
843,asx,HIL.AX
844,asx,HIT.AX
845,asx,HJPN.AX
846,asx,HLO.AX
847,asx,HLX.AX
848,asx,HMO.AX
849,asx,HMX.AX
850,asx,HNG.AX
851,asx,HNR.AX
852,asx,HOM.AX
853,asx,HOR.AX
854,asx,HOT.AX
855,asx,HPI.AX
856,asx,HPR.AX
857,asx,HRL.AX
858,asx,HRN.AX
859,asx,HRR.AX
860,asx,HSN.AX
861,asx,HSO.AX
862,asx,HT1.AX
863,asx,HT8.AX
864,asx,HTA.AX
865,asx,HUB.AX
866,asx,HUO.AX
867,asx,HVN.AX
868,asx,HVST.AX
869,asx,HWK.AX
870,asx,HXG.AX
871,asx,HZN.AX
872,asx,HZR.AX
873,asx,IAA.AX
874,asx,IAB.AX
875,asx,IAF.AX
876,asx,IAG.AX
877,asx,IAM.AX
878,asx,IAU.AX
879,asx,IBC.AX
880,asx,IBG.AX
881,asx,IBK.AX
882,asx,IBN.AX
883,asx,IBX.AX
884,asx,ICG.AX
885,asx,ICI.AX
886,asx,ICN.AX
887,asx,ICQ.AX
888,asx,ICS.AX
889,asx,ICT.AX
890,asx,ICU.AX
891,asx,IDA.AX
892,asx,IDR.AX
893,asx,IDT.AX
894,asx,IDX.AX
895,asx,IDZ.AX
896,asx,IEC.AX
897,asx,IEL.AX
898,asx,IEM.AX
899,asx,IEQ.AX
900,asx,IEU.AX
901,asx,IFL.AX
902,asx,IFM.AX
903,asx,IFN.AX
904,asx,IFRA.AX
905,asx,IFT.AX
906,asx,IGB.AX
907,asx,IGL.AX
908,asx,IGO.AX
909,asx,IHCB.AX
910,asx,IHD.AX
911,asx,IHEB.AX
912,asx,IHHY.AX
913,asx,IHK.AX
914,asx,IHL.AX
915,asx,IHOO.AX
916,asx,IHS.AX
917,asx,IHVV.AX
918,asx,IHWL.AX
919,asx,IIL.AX
920,asx,IJH.AX
921,asx,IJP.AX
922,asx,IJR.AX
923,asx,IKE.AX
924,asx,IKO.AX
925,asx,IKW.AX
926,asx,ILB.AX
927,asx,ILC.AX
928,asx,ILU.AX
929,asx,IMA.AX
930,asx,IMC.AX
931,asx,IMD.AX
932,asx,IMF.AX
933,asx,IMU.AX
934,asx,INA.AX
935,asx,ING.AX
936,asx,INK.AX
937,asx,INM.AX
938,asx,INV.AX
939,asx,IOD.AX
940,asx,IOF.AX
941,asx,IOG.AX
942,asx,IOO.AX
943,asx,IOT.AX
944,asx,IOZ.AX
945,asx,IP1.AX
946,asx,IPB.AX
947,asx,IPC.AX
948,asx,IPD.AX
949,asx,IPE.AX
950,asx,IPH.AX
951,asx,IPL.AX
952,asx,IPT.AX
953,asx,IQ3.AX
954,asx,IRC.AX
955,asx,IRD.AX
956,asx,IRE.AX
957,asx,IRI.AX
958,asx,IRU.AX
959,asx,IS3.AX
960,asx,ISD.AX
961,asx,ISEC.AX
962,asx,ISG.AX
963,asx,ISH.AX
964,asx,ISO.AX
965,asx,ISU.AX
966,asx,ISX.AX
967,asx,ITD.AX
968,asx,ITL.AX
969,asx,ITW.AX
970,asx,IVC.AX
971,asx,IVE.AX
972,asx,IVO.AX
973,asx,IVQ.AX
974,asx,IVR.AX
975,asx,IVT.AX
976,asx,IVV.AX
977,asx,IVX.AX
978,asx,IWLD.AX
979,asx,IXI.AX
980,asx,IXJ.AX
981,asx,IXP.AX
982,asx,IZZ.AX
983,asx,JAL.AX
984,asx,JAT.AX
985,asx,JBH.AX
986,asx,JCI.AX
987,asx,JCS.AX
988,asx,JHC.AX
989,asx,JHG.AX
990,asx,JHL.AX
991,asx,JHX.AX
992,asx,JIN.AX
993,asx,JIP.AX
994,asx,JJF.AX
995,asx,JKA.AX
996,asx,JKL.AX
997,asx,JLG.AX
998,asx,JPR.AX
999,asx,JRL.AX
1000,asx,JRV.AX
1001,asx,JVG.AX
1002,asx,JYC.AX
1003,asx,K2F.AX
1004,asx,K2P.AX
1005,asx,KAI.AX
1006,asx,KAM.AX
1007,asx,KAR.AX
1008,asx,KAS.AX
1009,asx,KAT.AX
1010,asx,KBC.AX
1011,asx,KBU.AX
1012,asx,KCN.AX
1013,asx,KDR.AX
1014,asx,KEY.AX
1015,asx,KFE.AX
1016,asx,KGD.AX
1017,asx,KGL.AX
1018,asx,KGM.AX
1019,asx,KGN.AX
1020,asx,KII.AX
1021,asx,KIN.AX
1022,asx,KIS.AX
1023,asx,KKL.AX
1024,asx,KKT.AX
1025,asx,KLH.AX
1026,asx,KLL.AX
1027,asx,KLO.AX
1028,asx,KLR.AX
1029,asx,KMD.AX
1030,asx,KME.AX
1031,asx,KNH.AX
1032,asx,KNL.AX
1033,asx,KNM.AX
1034,asx,KNO.AX
1035,asx,KOV.AX
1036,asx,KP2.AX
1037,asx,KPC.AX
1038,asx,KPG.AX
1039,asx,KPL.AX
1040,asx,KPO.AX
1041,asx,KPT.AX
1042,asx,KRC.AX
1043,asx,KRL.AX
1044,asx,KRS.AX
1045,asx,KSC.AX
1046,asx,KSL.AX
1047,asx,KSM.AX
1048,asx,KSN.AX
1049,asx,KTA.AX
1050,asx,KTE.AX
1051,asx,KYK.AX
1052,asx,KZR.AX
1053,asx,LAA.AX
1054,asx,LAM.AX
1055,asx,LAU.AX
1056,asx,LBL.AX
1057,asx,LBT.AX
1058,asx,LCA.AX
1059,asx,LCD.AX
1060,asx,LCE.AX
1061,asx,LCK.AX
1062,asx,LCM.AX
1063,asx,LCR.AX
1064,asx,LCT.AX
1065,asx,LCY.AX
1066,asx,LEG.AX
1067,asx,LEP.AX
1068,asx,LER.AX
1069,asx,LEX.AX
1070,asx,LFC.AX
1071,asx,LFR.AX
1072,asx,LGD.AX
1073,asx,LGR.AX
1074,asx,LHB.AX
1075,asx,LHC.AX
1076,asx,LHM.AX
1077,asx,LI3.AX
1078,asx,LIC.AX
1079,asx,LIN.AX
1080,asx,LIO.AX
1081,asx,LIT.AX
1082,asx,LKE.AX
1083,asx,LKO.AX
1084,asx,LLC.AX
1085,asx,LLO.AX
1086,asx,LMG.AX
1087,asx,LML.AX
1088,asx,LMW.AX
1089,asx,LNG.AX
1090,asx,LNK.AX
1091,asx,LNU.AX
1092,asx,LNY.AX
1093,asx,LOM.AX
1094,asx,LOV.AX
1095,asx,LPD.AX
1096,asx,LPE.AX
1097,asx,LPI.AX
1098,asx,LRS.AX
1099,asx,LSH.AX
1100,asx,LSR.AX
1101,asx,LSX.AX
1102,asx,LTR.AX
1103,asx,LVE.AX
1104,asx,LVH.AX
1105,asx,LVT.AX
1106,asx,LYC.AX
1107,asx,LYL.AX
1108,asx,M7T.AX
1109,asx,MA1.AX
1110,asx,MAG.AX
1111,asx,MAH.AX
1112,asx,MAI.AX
1113,asx,MAQ.AX
1114,asx,MAR.AX
1115,asx,MAT.AX
1116,asx,MAU.AX
1117,asx,MAX.AX
1118,asx,MAY.AX
1119,asx,MBE.AX
1120,asx,MBK.AX
1121,asx,MBM.AX
1122,asx,MBO.AX
1123,asx,MCA.AX
1124,asx,MCE.AX
1125,asx,MCP.AX
1126,asx,MCR.AX
1127,asx,MCT.AX
1128,asx,MCX.AX
1129,asx,MCY.AX
1130,asx,MDC.AX
1131,asx,MDI.AX
1132,asx,MDL.AX
1133,asx,MDR.AX
1134,asx,MDX.AX
1135,asx,MEA.AX
1136,asx,MEB.AX
1137,asx,MEC.AX
1138,asx,MED.AX
1139,asx,MEI.AX
1140,asx,MEL.AX
1141,asx,MEM.AX
1142,asx,MEP.AX
1143,asx,MEQ.AX
1144,asx,MEU.AX
1145,asx,MEY.AX
1146,asx,MEZ.AX
1147,asx,MFD.AX
1148,asx,MFF.AX
1149,asx,MFG.AX
1150,asx,MGC.AX
1151,asx,MGE.AX
1152,asx,MGG.AX
1153,asx,MGL.AX
1154,asx,MGP.AX
1155,asx,MGR.AX
1156,asx,MGT.AX
1157,asx,MGU.AX
1158,asx,MGV.AX
1159,asx,MGX.AX
1160,asx,MGZ.AX
1161,asx,MHC.AX
1162,asx,MHD.AX
1163,asx,MHG.AX
1164,asx,MHI.AX
1165,asx,MHJ.AX
1166,asx,MICH.AX
1167,asx,MIH.AX
1168,asx,MIL.AX
1169,asx,MIN.AX
1170,asx,MIR.AX
1171,asx,MJC.AX
1172,asx,MJP.AX
1173,asx,MLA.AX
1174,asx,MLB.AX
1175,asx,MLD.AX
1176,asx,MLM.AX
1177,asx,MLS.AX
1178,asx,MLT.AX
1179,asx,MLX.AX
1180,asx,MMI.AX
1181,asx,MMJ.AX
1182,asx,MML.AX
1183,asx,MMR.AX
1184,asx,MMS.AX
1185,asx,MNB.AX
1186,asx,MNC.AX
1187,asx,MND.AX
1188,asx,MNE.AX
1189,asx,MNF.AX
1190,asx,MNM.AX
1191,asx,MNRS.AX
1192,asx,MNS.AX
1193,asx,MNW.AX
1194,asx,MNY.AX
1195,asx,MOAT.AX
1196,asx,MOB.AX
1197,asx,MOC.AX
1198,asx,MOD.AX
1199,asx,MOE.AX
1200,asx,MONY.AX
1201,asx,MOQ.AX
1202,asx,MOT.AX
1203,asx,MOX.AX
1204,asx,MOY.AX
1205,asx,MP1.AX
1206,asx,MPE.AX
1207,asx,MPL.AX
1208,asx,MPP.AX
1209,asx,MPW.AX
1210,asx,MPX.AX
1211,asx,MQA.AX
1212,asx,MQG.AX
1213,asx,MQR.AX
1214,asx,MRC.AX
1215,asx,MRD.AX
1216,asx,MRG.AX
1217,asx,MRL.AX
1218,asx,MRM.AX
1219,asx,MRN.AX
1220,asx,MRP.AX
1221,asx,MRQ.AX
1222,asx,MRR.AX
1223,asx,MRV.AX
1224,asx,MSB.AX
1225,asx,MSG.AX
1226,asx,MSI.AX
1227,asx,MSM.AX
1228,asx,MSP.AX
1229,asx,MSR.AX
1230,asx,MSV.AX
1231,asx,MTB.AX
1232,asx,MTC.AX
1233,asx,MTH.AX
1234,asx,MTM.AX
1235,asx,MTO.AX
1236,asx,MTR.AX
1237,asx,MTS.AX
1238,asx,MUA.AX
1239,asx,MUS.AX
1240,asx,MVA.AX
1241,asx,MVB.AX
1242,asx,MVE.AX
1243,asx,MVF.AX
1244,asx,MVOL.AX
1245,asx,MVP.AX
1246,asx,MVR.AX
1247,asx,MVS.AX
1248,asx,MVT.AX
1249,asx,MVW.AX
1250,asx,MWR.AX
1251,asx,MWY.AX
1252,asx,MX1.AX
1253,asx,MXC.AX
1254,asx,MXI.AX
1255,asx,MXR.AX
1256,asx,MXT.AX
1257,asx,MYE.AX
1258,asx,MYL.AX
1259,asx,MYO.AX
1260,asx,MYQ.AX
1261,asx,MYR.AX
1262,asx,MYS.AX
1263,asx,MYX.AX
1264,asx,MZI.AX
1265,asx,MZM.AX
1266,asx,MZN.AX
1267,asx,MZZ.AX
1268,asx,N1H.AX
1269,asx,N27.AX
1270,asx,NAB.AX
1271,asx,NAC.AX
1272,asx,NAE.AX
1273,asx,NAG.AX
1274,asx,NAM.AX
1275,asx,NAN.AX
1276,asx,NBL.AX
1277,asx,NC6.AX
1278,asx,NCC.AX
1279,asx,NCK.AX
1280,asx,NCL.AX
1281,asx,NCM.AX
1282,asx,NCR.AX
1283,asx,NCZ.AX
1284,asx,NDQ.AX
1285,asx,NEA.AX
1286,asx,NEC.AX
1287,asx,NET.AX
1288,asx,NEU.AX
1289,asx,NGE.AX
1290,asx,NGY.AX
1291,asx,NHC.AX
1292,asx,NHF.AX
1293,asx,NHL.AX
1294,asx,NIU.AX
1295,asx,NLI.AX
1296,asx,NME.AX
1297,asx,NML.AX
1298,asx,NMS.AX
1299,asx,NMT.AX
1300,asx,NNW.AX
1301,asx,NOR.AX
1302,asx,NOV.AX
1303,asx,NOX.AX
1304,asx,NRT.AX
1305,asx,NSE.AX
1306,asx,NSL.AX
1307,asx,NSR.AX
1308,asx,NST.AX
1309,asx,NSX.AX
1310,asx,NTC.AX
1311,asx,NTI.AX
1312,asx,NTL.AX
1313,asx,NTM.AX
1314,asx,NTU.AX
1315,asx,NUF.AX
1316,asx,NUH.AX
1317,asx,NUS.AX
1318,asx,NVL.AX
1319,asx,NVO.AX
1320,asx,NVT.AX
1321,asx,NVX.AX
1322,asx,NWE.AX
1323,asx,NWF.AX
1324,asx,NWH.AX
1325,asx,NWS.AX
1326,asx,NWZ.AX
1327,asx,NXM.AX
1328,asx,NXT.AX
1329,asx,NZC.AX
1330,asx,NZK.AX
1331,asx,NZM.AX
1332,asx,OAR.AX
1333,asx,OBJ.AX
1334,asx,OBL.AX
1335,asx,OCA.AX
1336,asx,OCC.AX
1337,asx,OCL.AX
1338,asx,OCP.AX
1339,asx,ODM.AX
1340,asx,ODY.AX
1341,asx,OEC.AX
1342,asx,OEL.AX
1343,asx,OEQ.AX
1344,asx,OEX.AX
1345,asx,OFX.AX
1346,asx,OGC.AX
1347,asx,OGX.AX
1348,asx,OHE.AX
1349,asx,OIL.AX
1350,asx,OKR.AX
1351,asx,OKU.AX
1352,asx,OLH.AX
1353,asx,OLI.AX
1354,asx,OLV.AX
1355,asx,OMH.AX
1356,asx,OML.AX
1357,asx,OMT.AX
1358,asx,ONE.AX
1359,asx,ONT.AX
1360,asx,OOK.AX
1361,asx,OOO.AX
1362,asx,OPG.AX
1363,asx,OPN.AX
1364,asx,OPT.AX
1365,asx,ORA.AX
1366,asx,ORE.AX
1367,asx,ORG.AX
1368,asx,ORI.AX
1369,asx,ORL.AX
1370,asx,ORM.AX
1371,asx,ORN.AX
1372,asx,ORR.AX
1373,asx,OSH.AX
1374,asx,OSL.AX
1375,asx,OSP.AX
1376,asx,OTW.AX
1377,asx,OVH.AX
1378,asx,OVL.AX
1379,asx,OVN.AX
1380,asx,OVR.AX
1381,asx,OXX.AX
1382,asx,OZF.AX
1383,asx,OZG.AX
1384,asx,OZL.AX
1385,asx,OZR.AX
1386,asx,PAA.AX
1387,asx,PAB.AX
1388,asx,PAC.AX
1389,asx,PAF.AX
1390,asx,PAI.AX
1391,asx,PAK.AX
1392,asx,PAN.AX
1393,asx,PAR.AX
1394,asx,PAXX.AX
1395,asx,PBP.AX
1396,asx,PBT.AX
1397,asx,PBX.AX
1398,asx,PCG.AX
1399,asx,PCH.AX
1400,asx,PCL.AX
1401,asx,PDI.AX
1402,asx,PDZ.AX
1403,asx,PEA.AX
1404,asx,PEC.AX
1405,asx,PEK.AX
1406,asx,PEL.AX
1407,asx,PEN.AX
1408,asx,PEP.AX
1409,asx,PEX.AX
1410,asx,PFG.AX
1411,asx,PFM.AX
1412,asx,PGC.AX
1413,asx,PGF.AX
1414,asx,PGH.AX
1415,asx,PGI.AX
1416,asx,PGM.AX
1417,asx,PGO.AX
1418,asx,PGR.AX
1419,asx,PGS.AX
1420,asx,PGY.AX
1421,asx,PHI.AX
1422,asx,PHK.AX
1423,asx,PIC.AX
1424,asx,PIL.AX
1425,asx,PIO.AX
1426,asx,PIQ.AX
1427,asx,PIXX.AX
1428,asx,PKA.AX
1429,asx,PKO.AX
1430,asx,PL8.AX
1431,asx,PLG.AX
1432,asx,PLH.AX
1433,asx,PLL.AX
1434,asx,PLS.AX
1435,asx,PLUS.AX
1436,asx,PLX.AX
1437,asx,PM1.AX
1438,asx,PMC.AX
1439,asx,PME.AX
1440,asx,PMP.AX
1441,asx,PMV.AX
1442,asx,PMY.AX
1443,asx,PNC.AX
1444,asx,PNI.AX
1445,asx,PNL.AX
1446,asx,PNN.AX
1447,asx,PNR.AX
1448,asx,PNV.AX
1449,asx,PNW.AX
1450,asx,PNX.AX
1451,asx,POH.AX
1452,asx,POP.AX
1453,asx,POS.AX
1454,asx,POU.AX
1455,asx,POW.AX
1456,asx,POZ.AX
1457,asx,PPC.AX
1458,asx,PPG.AX
1459,asx,PPH.AX
1460,asx,PPK.AX
1461,asx,PPL.AX
1462,asx,PPS.AX
1463,asx,PPT.AX
1464,asx,PPY.AX
1465,asx,PRL.AX
1466,asx,PRO.AX
1467,asx,PRR.AX
1468,asx,PRT.AX
1469,asx,PRU.AX
1470,asx,PRY.AX
1471,asx,PSA.AX
1472,asx,PSC.AX
1473,asx,PSI.AX
1474,asx,PSM.AX
1475,asx,PSQ.AX
1476,asx,PSY.AX
1477,asx,PSZ.AX
1478,asx,PTB.AX
1479,asx,PTL.AX
1480,asx,PTM.AX
1481,asx,PTX.AX
1482,asx,PUN.AX
1483,asx,PUR.AX
1484,asx,PVA.AX
1485,asx,PVD.AX
1486,asx,PVE.AX
1487,asx,PVL.AX
1488,asx,PWH.AX
1489,asx,PWN.AX
1490,asx,PXS.AX
1491,asx,PXX.AX
1492,asx,PYC.AX
1493,asx,PZC.AX
1494,asx,QAG.AX
1495,asx,QAN.AX
1496,asx,QAU.AX
1497,asx,QBE.AX
1498,asx,QBL.AX
1499,asx,QCB.AX
1500,asx,QFN.AX
1501,asx,QFY.AX
1502,asx,QHL.AX
1503,asx,QIP.AX
1504,asx,QMIX.AX
1505,asx,QMN.AX
1506,asx,QMS.AX
1507,asx,QOZ.AX
1508,asx,QPON.AX
1509,asx,QRE.AX
1510,asx,QSS.AX
1511,asx,QTG.AX
1512,asx,QTM.AX
1513,asx,QUAL.AX
1514,asx,QUB.AX
1515,asx,QUE.AX
1516,asx,QUR.AX
1517,asx,QUS.AX
1518,asx,QVE.AX
1519,asx,R3D.AX
1520,asx,RAC.AX
1521,asx,RAN.AX
1522,asx,RAP.AX
1523,asx,RARI.AX
1524,asx,RAW.AX
1525,asx,RBD.AX
1526,asx,RBL.AX
1527,asx,RBO.AX
1528,asx,RBR.AX
1529,asx,RBX.AX
1530,asx,RCB.AX
1531,asx,RCE.AX
1532,asx,RCG.AX
1533,asx,RCO.AX
1534,asx,RCP.AX
1535,asx,RCR.AX
1536,asx,RCT.AX
1537,asx,RCW.AX
1538,asx,RD1.AX
1539,asx,RDF.AX
1540,asx,RDG.AX
1541,asx,RDH.AX
1542,asx,RDM.AX
1543,asx,RDS.AX
1544,asx,RDV.AX
1545,asx,REA.AX
1546,asx,RED.AX
1547,asx,REF.AX
1548,asx,REG.AX
1549,asx,REH.AX
1550,asx,RENT.AX
1551,asx,RES.AX
1552,asx,REV.AX
1553,asx,REX.AX
1554,asx,REY.AX
1555,asx,REZ.AX
1556,asx,RFF.AX
1557,asx,RFG.AX
1558,asx,RFN.AX
1559,asx,RFT.AX
1560,asx,RFX.AX
1561,asx,RGB.AX
1562,asx,RGI.AX
1563,asx,RGL.AX
1564,asx,RGP.AX
1565,asx,RGS.AX
1566,asx,RHC.AX
1567,asx,RHI.AX
1568,asx,RHL.AX
1569,asx,RHP.AX
1570,asx,RHS.AX
1571,asx,RHT.AX
1572,asx,RIC.AX
1573,asx,RIE.AX
1574,asx,RIM.AX
1575,asx,RIO.AX
1576,asx,RIR.AX
1577,asx,RKN.AX
1578,asx,RLC.AX
1579,asx,RLE.AX
1580,asx,RMD.AX
1581,asx,RMG.AX
1582,asx,RMI.AX
1583,asx,RMP.AX
1584,asx,RMS.AX
1585,asx,RMT.AX
1586,asx,RMX.AX
1587,asx,RND.AX
1588,asx,RNE.AX
1589,asx,RNL.AX
1590,asx,RNO.AX
1591,asx,RNT.AX
1592,asx,RNU.AX
1593,asx,RNY.AX
1594,asx,ROBO.AX
1595,asx,ROG.AX
1596,asx,RPG.AX
1597,asx,RRL.AX
1598,asx,RRS.AX
1599,asx,RSG.AX
1600,asx,RSH.AX
1601,asx,RSM.AX
1602,asx,RTE.AX
1603,asx,RTG.AX
1604,asx,RTR.AX
1605,asx,RUB.AX
1606,asx,RUL.AX
1607,asx,RVA.AX
1608,asx,RVL.AX
1609,asx,RVR.AX
1610,asx,RVY.AX
1611,asx,RWC.AX
1612,asx,RWD.AX
1613,asx,RXH.AX
1614,asx,RXL.AX
1615,asx,RXM.AX
1616,asx,RXP.AX
1617,asx,RYD.AX
1618,asx,S2R.AX
1619,asx,S32.AX
1620,asx,SAN.AX
1621,asx,SAR.AX
1622,asx,SAS.AX
1623,asx,SAU.AX
1624,asx,SBB.AX
1625,asx,SBI.AX
1626,asx,SBM.AX
1627,asx,SBR.AX
1628,asx,SBU.AX
1629,asx,SCG.AX
1630,asx,SCI.AX
1631,asx,SCL.AX
1632,asx,SCO.AX
1633,asx,SCP.AX
1634,asx,SCT.AX
1635,asx,SCU.AX
1636,asx,SDA.AX
1637,asx,SDF.AX
1638,asx,SDG.AX
1639,asx,SDI.AX
1640,asx,SDL.AX
1641,asx,SDV.AX
1642,asx,SDX.AX
1643,asx,SE1.AX
1644,asx,SEA.AX
1645,asx,SEG.AX
1646,asx,SEH.AX
1647,asx,SEK.AX
1648,asx,SEN.AX
1649,asx,SEQ.AX
1650,asx,SER.AX
1651,asx,SES.AX
1652,asx,SFC.AX
1653,asx,SFG.AX
1654,asx,SFH.AX
1655,asx,SFI.AX
1656,asx,SFL.AX
1657,asx,SFR.AX
1658,asx,SFX.AX
1659,asx,SFY.AX
1660,asx,SGC.AX
1661,asx,SGF.AX
1662,asx,SGH.AX
1663,asx,SGM.AX
1664,asx,SGP.AX
1665,asx,SGQ.AX
1666,asx,SGR.AX
1667,asx,SGU.AX
1668,asx,SHH.AX
1669,asx,SHJ.AX
1670,asx,SHK.AX
1671,asx,SHL.AX
1672,asx,SHM.AX
1673,asx,SHO.AX
1674,asx,SHV.AX
1675,asx,SIE.AX
1676,asx,SIG.AX
1677,asx,SIH.AX
1678,asx,SIO.AX
1679,asx,SIQ.AX
1680,asx,SIT.AX
1681,asx,SIV.AX
1682,asx,SIX.AX
1683,asx,SKC.AX
1684,asx,SKF.AX
1685,asx,SKI.AX
1686,asx,SKN.AX
1687,asx,SKS.AX
1688,asx,SKT.AX
1689,asx,SLC.AX
1690,asx,SLF.AX
1691,asx,SLK.AX
1692,asx,SLM.AX
1693,asx,SLR.AX
1694,asx,SLX.AX
1695,asx,SM1.AX
1696,asx,SM8.AX
1697,asx,SMA.AX
1698,asx,SMC.AX
1699,asx,SMD.AX
1700,asx,SMI.AX
1701,asx,SMLL.AX
1702,asx,SMM.AX
1703,asx,SMN.AX
1704,asx,SMP.AX
1705,asx,SMR.AX
1706,asx,SNC.AX
1707,asx,SND.AX
1708,asx,SNL.AX
1709,asx,SNS.AX
1710,asx,SNZ.AX
1711,asx,SO4.AX
1712,asx,SOL.AX
1713,asx,SOM.AX
1714,asx,SOP.AX
1715,asx,SOR.AX
1716,asx,SP1.AX
1717,asx,SP3.AX
1718,asx,SPB.AX
1719,asx,SPI.AX
1720,asx,SPK.AX
1721,asx,SPL.AX
1722,asx,SPO.AX
1723,asx,SPQ.AX
1724,asx,SPX.AX
1725,asx,SPY.AX
1726,asx,SPZ.AX
1727,asx,SRG.AX
1728,asx,SRH.AX
1729,asx,SRI.AX
1730,asx,SRK.AX
1731,asx,SRN.AX
1732,asx,SRO.AX
1733,asx,SRS.AX
1734,asx,SRV.AX
1735,asx,SRX.AX
1736,asx,SRY.AX
1737,asx,SRZ.AX
1738,asx,SSG.AX
1739,asx,SSL.AX
1740,asx,SSM.AX
1741,asx,SSN.AX
1742,asx,SSO.AX
1743,asx,SST.AX
1744,asx,ST1.AX
1745,asx,STA.AX
1746,asx,STM.AX
1747,asx,STO.AX
1748,asx,STW.AX
1749,asx,STX.AX
1750,asx,SUD.AX
1751,asx,SUH.AX
1752,asx,SUL.AX
1753,asx,SUM.AX
1754,asx,SUN.AX
1755,asx,SUR.AX
1756,asx,SVA.AX
1757,asx,SVH.AX
1758,asx,SVL.AX
1759,asx,SVM.AX
1760,asx,SVS.AX
1761,asx,SVW.AX
1762,asx,SVY.AX
1763,asx,SW1.AX
1764,asx,SWJ.AX
1765,asx,SWK.AX
1766,asx,SWM.AX
1767,asx,SWTZ.AX
1768,asx,SXA.AX
1769,asx,SXE.AX
1770,asx,SXL.AX
1771,asx,SXX.AX
1772,asx,SXY.AX
1773,asx,SYA.AX
1774,asx,SYD.AX
1775,asx,SYI.AX
1776,asx,SYR.AX
1777,asx,SYS.AX
1778,asx,SYT.AX
1779,asx,T3D.AX
1780,asx,TAG.AX
1781,asx,TAH.AX
1782,asx,TAM.AX
1783,asx,TAP.AX
1784,asx,TAR.AX
1785,asx,TAS.AX
1786,asx,TAU.AX
1787,asx,TAW.AX
1788,asx,TB8.AX
1789,asx,TBH.AX
1790,asx,TBR.AX
1791,asx,TCL.AX
1792,asx,TCN.AX
1793,asx,TCO.AX
1794,asx,TDL.AX
1795,asx,TDO.AX
1796,asx,TECH.AX
1797,asx,TEG.AX
1798,asx,TEK.AX
1799,asx,TER.AX
1800,asx,TEX.AX
1801,asx,TFG.AX
1802,asx,TFL.AX
1803,asx,TGA.AX
1804,asx,TGG.AX
1805,asx,TGH.AX
1806,asx,TGN.AX
1807,asx,TGP.AX
1808,asx,TGR.AX
1809,asx,THC.AX
1810,asx,THD.AX
1811,asx,THR.AX
1812,asx,THX.AX
1813,asx,TIA.AX
1814,asx,TIG.AX
1815,asx,TIL.AX
1816,asx,TIN.AX
1817,asx,TKF.AX
1818,asx,TKL.AX
1819,asx,TKM.AX
1820,asx,TLG.AX
1821,asx,TLM.AX
1822,asx,TLS.AX
1823,asx,TME.AX
1824,asx,TMK.AX
1825,asx,TML.AX
1826,asx,TMP.AX
1827,asx,TMT.AX
1828,asx,TMX.AX
1829,asx,TMZ.AX
1830,asx,TNE.AX
1831,asx,TNG.AX
1832,asx,TNK.AX
1833,asx,TNO.AX
1834,asx,TNP.AX
1835,asx,TNR.AX
1836,asx,TNT.AX
1837,asx,TNY.AX
1838,asx,TOE.AX
1839,asx,TOM.AX
1840,asx,TON.AX
1841,asx,TOP.AX
1842,asx,TOT.AX
1843,asx,TOU.AX
1844,asx,TOX.AX
1845,asx,TPC.AX
1846,asx,TPD.AX
1847,asx,TPE.AX
1848,asx,TPM.AX
1849,asx,TPO.AX
1850,asx,TPP.AX
1851,asx,TPS.AX
1852,asx,TPW.AX
1853,asx,TRL.AX
1854,asx,TRM.AX
1855,asx,TRS.AX
1856,asx,TRT.AX
1857,asx,TRY.AX
1858,asx,TSN.AX
1859,asx,TTA.AX
1860,asx,TTC.AX
1861,asx,TTI.AX
1862,asx,TTL.AX
1863,asx,TTM.AX
1864,asx,TTS.AX
1865,asx,TTT.AX
1866,asx,TTW.AX
1867,asx,TUP.AX
1868,asx,TV2.AX
1869,asx,TWD.AX
1870,asx,TWE.AX
1871,asx,TWR.AX
1872,asx,TYK.AX
1873,asx,TYX.AX
1874,asx,TZL.AX
1875,asx,TZN.AX
1876,asx,UBA.AX
1877,asx,UBE.AX
1878,asx,UBI.AX
1879,asx,UBJ.AX
1880,asx,UBN.AX
1881,asx,UBP.AX
1882,asx,UBU.AX
1883,asx,UBW.AX
1884,asx,UCM.AX
1885,asx,UCW.AX
1886,asx,UEQ.AX
1887,asx,UIL.AX
1888,asx,UMAX.AX
1889,asx,UNL.AX
1890,asx,UNV.AX
1891,asx,UOS.AX
1892,asx,UPD.AX
1893,asx,URB.AX
1894,asx,URF.AX
1895,asx,USA.AX
1896,asx,USD.AX
1897,asx,USF.AX
1898,asx,USG.AX
1899,asx,USP.AX
1900,asx,USR.AX
1901,asx,UTR.AX
1902,asx,UUL.AX
1903,asx,UUV.AX
1904,asx,VACF.AX
1905,asx,VAE.AX
1906,asx,VAF.AX
1907,asx,VAH.AX
1908,asx,VAL.AX
1909,asx,VAN.AX
1910,asx,VAP.AX
1911,asx,VAR.AX
1912,asx,VAS.AX
1913,asx,VBND.AX
1914,asx,VBS.AX
1915,asx,VCF.AX
1916,asx,VCX.AX
1917,asx,VEC.AX
1918,asx,VEE.AX
1919,asx,VEQ.AX
1920,asx,VEU.AX
1921,asx,VG1.AX
1922,asx,VGAD.AX
1923,asx,VGB.AX
1924,asx,VGE.AX
1925,asx,VGL.AX
1926,asx,VGS.AX
1927,asx,VHT.AX
1928,asx,VHY.AX
1929,asx,VIC.AX
1930,asx,VIF.AX
1931,asx,VIG.AX
1932,asx,VII.AX
1933,asx,VIP.AX
1934,asx,VIV.AX
1935,asx,VKA.AX
1936,asx,VLA.AX
1937,asx,VLC.AX
1938,asx,VLS.AX
1939,asx,VLT.AX
1940,asx,VLW.AX
1941,asx,VMC.AX
1942,asx,VMG.AX
1943,asx,VML.AX
1944,asx,VMS.AX
1945,asx,VMT.AX
1946,asx,VMX.AX
1947,asx,VMY.AX
1948,asx,VOC.AX
1949,asx,VP7.AX
1950,asx,VPC.AX
1951,asx,VPR.AX
1952,asx,VRC.AX
1953,asx,VRL.AX
1954,asx,VRM.AX
1955,asx,VRS.AX
1956,asx,VRT.AX
1957,asx,VRX.AX
1958,asx,VSO.AX
1959,asx,VTG.AX
1960,asx,VTI.AX
1961,asx,VTS.AX
1962,asx,VVR.AX
1963,asx,VXR.AX
1964,asx,WAA.AX
1965,asx,WAF.AX
1966,asx,WAM.AX
1967,asx,WAT.AX
1968,asx,WAX.AX
1969,asx,WBA.AX
1970,asx,WBC.AX
1971,asx,WBE.AX
1972,asx,WBT.AX
1973,asx,WCN.AX
1974,asx,WDE.AX
1975,asx,WDIV.AX
1976,asx,WDMF.AX
1977,asx,WEB.AX
1978,asx,WEC.AX
1979,asx,WEL.AX
1980,asx,WEMG.AX
1981,asx,WES.AX
1982,asx,WFD.AX
1983,asx,WFE.AX
1984,asx,WGF.AX
1985,asx,WGL.AX
1986,asx,WGX.AX
1987,asx,WHA.AX
1988,asx,WHC.AX
1989,asx,WHF.AX
1990,asx,WIC.AX
1991,asx,WKT.AX
1992,asx,WLC.AX
1993,asx,WLD.AX
1994,asx,WLE.AX
1995,asx,WLF.AX
1996,asx,WLL.AX
1997,asx,WMC.AX
1998,asx,WMI.AX
1999,asx,WMK.AX
2000,asx,WND.AX
2001,asx,WNR.AX
2002,asx,WOR.AX
2003,asx,WOW.AX
2004,asx,WPG.AX
2005,asx,WPL.AX
2006,asx,WPP.AX
2007,asx,WQW.AX
2008,asx,WRG.AX
2009,asx,WRLD.AX
2010,asx,WRM.AX
2011,asx,WRR.AX
2012,asx,WSA.AX
2013,asx,WSI.AX
2014,asx,WTC.AX
2015,asx,WTP.AX
2016,asx,WVOL.AX
2017,asx,WWI.AX
2018,asx,WXHG.AX
2019,asx,WXOZ.AX
2020,asx,XAM.AX
2021,asx,XF1.AX
2022,asx,XIP.AX
2023,asx,XPE.AX
2024,asx,XRF.AX
2025,asx,XRO.AX
2026,asx,XST.AX
2027,asx,XTD.AX
2028,asx,XTE.AX
2029,asx,YAL.AX
2030,asx,YANK.AX
2031,asx,YBR.AX
2032,asx,YMAX.AX
2033,asx,YNB.AX
2034,asx,YOJ.AX
2035,asx,YOW.AX
2036,asx,YPB.AX
2037,asx,ZCNH.AX
2038,asx,ZEL.AX
2039,asx,ZEN.AX
2040,asx,ZER.AX
2041,asx,ZEU.AX
2042,asx,ZGL.AX
2043,asx,ZGOL.AX
2044,asx,ZIM.AX
2045,asx,ZIP.AX
2046,asx,ZLD.AX
2047,asx,ZMI.AX
2048,asx,ZML.AX
2049,asx,ZNC.AX
2050,asx,ZNO.AX
2051,asx,ZNT.AX
2052,asx,ZOZI.AX
2053,asx,ZUSD.AX
2054,asx,ZYAU.AX
2055,asx,ZYB.AX
2056,asx,ZYUS.AX
2057,istanbul,ACSEL.IS
2058,istanbul,ADANA.IS
2059,istanbul,ADBGR.IS
2060,istanbul,ADEL.IS
2061,istanbul,ADESE.IS
2062,istanbul,ADNAC.IS
2063,istanbul,AFYON.IS
2064,istanbul,AGYO.IS
2065,istanbul,AKBNK.IS
2066,istanbul,AKCNS.IS
2067,istanbul,AKENR.IS
2068,istanbul,AKFGY.IS
2069,istanbul,AKGRT.IS
2070,istanbul,AKGUV.IS
2071,istanbul,AKMGY.IS
2072,istanbul,AKPAZ.IS
2073,istanbul,AKSA.IS
2074,istanbul,AKSEL.IS
2075,istanbul,AKSEN.IS
2076,istanbul,AKSGY.IS
2077,istanbul,AKSUE.IS
2078,istanbul,ALARK.IS
2079,istanbul,ALBRK.IS
2080,istanbul,ALCAR.IS
2081,istanbul,ALCTL.IS
2082,istanbul,ALGYO.IS
2083,istanbul,ALKA.IS
2084,istanbul,ALKIM.IS
2085,istanbul,ALYAG.IS
2086,istanbul,ANACM.IS
2087,istanbul,ANELE.IS
2088,istanbul,ANELT.IS
2089,istanbul,ANHYT.IS
2090,istanbul,ANSGR.IS
2091,istanbul,ARCLK.IS
2092,istanbul,ARENA.IS
2093,istanbul,ARMDA.IS
2094,istanbul,ARSAN.IS
2095,istanbul,ARTI.IS
2096,istanbul,ASCEL.IS
2097,istanbul,ASELS.IS
2098,istanbul,ASLAN.IS
2099,istanbul,ASUZU.IS
2100,istanbul,ATAGY.IS
2101,istanbul,ATEKS.IS
2102,istanbul,ATLAS.IS
2103,istanbul,ATPET.IS
2104,istanbul,ATSYH.IS
2105,istanbul,AVGYO.IS
2106,istanbul,AVHOL.IS
2107,istanbul,AVISA.IS
2108,istanbul,AVOD.IS
2109,istanbul,AVTUR.IS
2110,istanbul,AYCES.IS
2111,istanbul,AYEN.IS
2112,istanbul,AYES.IS
2113,istanbul,AYGAZ.IS
2114,istanbul,BAGFS.IS
2115,istanbul,BAKAB.IS
2116,istanbul,BALAT.IS
2117,istanbul,BANVT.IS
2118,istanbul,BASCM.IS
2119,istanbul,BERA.IS
2120,istanbul,BEYAZ.IS
2121,istanbul,BFREN.IS
2122,istanbul,BIMAS.IS
2123,istanbul,BISAS.IS
2124,istanbul,BIZIM.IS
2125,istanbul,BJKAS.IS
2126,istanbul,BLCYT.IS
2127,istanbul,BMEKS.IS
2128,istanbul,BMELK.IS
2129,istanbul,BNTAS.IS
2130,istanbul,BOLUC.IS
2131,istanbul,BOSSA.IS
2132,istanbul,BOYP.IS
2133,istanbul,BRISA.IS
2134,istanbul,BRKO.IS
2135,istanbul,BRKSN.IS
2136,istanbul,BRMEN.IS
2137,istanbul,BRSAN.IS
2138,istanbul,BRYAT.IS
2139,istanbul,BSOKE.IS
2140,istanbul,BTCIM.IS
2141,istanbul,BUCIM.IS
2142,istanbul,BURCE.IS
2143,istanbul,BURVA.IS
2144,istanbul,CCOLA.IS
2145,istanbul,CELHA.IS
2146,istanbul,CEMAS.IS
2147,istanbul,CEMTS.IS
2148,istanbul,CIMSA.IS
2149,istanbul,CLEBI.IS
2150,istanbul,CMBTN.IS
2151,istanbul,CMENT.IS
2152,istanbul,COMDO.IS
2153,istanbul,COSMO.IS
2154,istanbul,CRDFA.IS
2155,istanbul,CRFSA.IS
2156,istanbul,CUSAN.IS
2157,istanbul,DAGHL.IS
2158,istanbul,DAGI.IS
2159,istanbul,DARDL.IS
2160,istanbul,DENCM.IS
2161,istanbul,DENGE.IS
2162,istanbul,DENIZ.IS
2163,istanbul,DERIM.IS
2164,istanbul,DESA.IS
2165,istanbul,DESPC.IS
2166,istanbul,DEVA.IS
2167,istanbul,DGATE.IS
2168,istanbul,DGGYO.IS
2169,istanbul,DGKLB.IS
2170,istanbul,DGZTE.IS
2171,istanbul,DIRIT.IS
2172,istanbul,DIRITr.IS
2173,istanbul,DITAS.IS
2174,istanbul,DMISH.IS
2175,istanbul,DMSAS.IS
2176,istanbul,DOAS.IS
2177,istanbul,DOBUR.IS
2178,istanbul,DOCO.IS
2179,istanbul,DOGUB.IS
2180,istanbul,DOHOL.IS
2181,istanbul,DURDO.IS
2182,istanbul,DYOBY.IS
2183,istanbul,DZGYO.IS
2184,istanbul,ECBYO.IS
2185,istanbul,ECILC.IS
2186,istanbul,ECZYT.IS
2187,istanbul,EDIP.IS
2188,istanbul,EGCYH.IS
2189,istanbul,EGCYO.IS
2190,istanbul,EGEEN.IS
2191,istanbul,EGGUB.IS
2192,istanbul,EGLYO.IS
2193,istanbul,EGPRO.IS
2194,istanbul,EGSER.IS
2195,istanbul,EKGYO.IS
2196,istanbul,EKIZ.IS
2197,istanbul,EMKEL.IS
2198,istanbul,EMNIS.IS
2199,istanbul,ENKAI.IS
2200,istanbul,EPLAS.IS
2201,istanbul,ERBOS.IS
2202,istanbul,EREGL.IS
2203,istanbul,ERSU.IS
2204,istanbul,ESCOM.IS
2205,istanbul,ESEMS.IS
2206,istanbul,ETILR.IS
2207,istanbul,ETYAT.IS
2208,istanbul,EUHOL.IS
2209,istanbul,EUKYO.IS
2210,istanbul,EUYO.IS
2211,istanbul,FENER.IS
2212,istanbul,FFKRL.IS
2213,istanbul,FINBN.IS
2214,istanbul,FLAP.IS
2215,istanbul,FMIZP.IS
2216,istanbul,FONET.IS
2217,istanbul,FRIGO.IS
2218,istanbul,FROTO.IS
2219,istanbul,GARAN.IS
2220,istanbul,GARFA.IS
2221,istanbul,GDKGS.IS
2222,istanbul,GEDIK.IS
2223,istanbul,GEDZA.IS
2224,istanbul,GENTS.IS
2225,istanbul,GEREL.IS
2226,istanbul,GLBMD.IS
2227,istanbul,GLRYH.IS
2228,istanbul,GLYHO.IS
2229,istanbul,GOLTS.IS
2230,istanbul,GOODY.IS
2231,istanbul,GOZDE.IS
2232,istanbul,GRNYO.IS
2233,istanbul,GSDDE.IS
2234,istanbul,GSDHO.IS
2235,istanbul,GSRAY.IS
2236,istanbul,GUBRF.IS
2237,istanbul,GUSGR.IS
2238,istanbul,GYHOL.IS
2239,istanbul,HALKB.IS
2240,istanbul,HALKS.IS
2241,istanbul,HATEK.IS
2242,istanbul,HDFGS.IS
2243,istanbul,HEKTS.IS
2244,istanbul,HLGYO.IS
2245,istanbul,HURGZ.IS
2246,istanbul,ICBCT.IS
2247,istanbul,IDGYO.IS
2248,istanbul,IEYHO.IS
2249,istanbul,IHEVA.IS
2250,istanbul,IHGZT.IS
2251,istanbul,IHLAS.IS
2252,istanbul,IHLGM.IS
2253,istanbul,IHYAY.IS
2254,istanbul,INDES.IS
2255,istanbul,INFO.IS
2256,istanbul,INTEM.IS
2257,istanbul,IPEKE.IS
2258,istanbul,ISATR.IS
2259,istanbul,ISBIR.IS
2260,istanbul,ISBTR.IS
2261,istanbul,ISCTR.IS
2262,istanbul,ISDMR.IS
2263,istanbul,ISFIN.IS
2264,istanbul,ISGSY.IS
2265,istanbul,ISGYO.IS
2266,istanbul,ISKUR.IS
2267,istanbul,ISMEN.IS
2268,istanbul,ISYAT.IS
2269,istanbul,ITTFH.IS
2270,istanbul,IZFAS.IS
2271,istanbul,IZMDC.IS
2272,istanbul,IZOCM.IS
2273,istanbul,IZTAR.IS
2274,istanbul,JANTS.IS
2275,istanbul,KAPLM.IS
2276,istanbul,KAREL.IS
2277,istanbul,KARSN.IS
2278,istanbul,KARTN.IS
2279,istanbul,KATMR.IS
2280,istanbul,KCHOL.IS
2281,istanbul,KENT.IS
2282,istanbul,KERVN.IS
2283,istanbul,KERVT.IS
2284,istanbul,KIPA.IS
2285,istanbul,KLGYO.IS
2286,istanbul,KLMSN.IS
2287,istanbul,KLNMA.IS
2288,istanbul,KNFRT.IS
2289,istanbul,KONYA.IS
2290,istanbul,KORDS.IS
2291,istanbul,KOZAA.IS
2292,istanbul,KOZAL.IS
2293,istanbul,KPHOL.IS
2294,istanbul,KRDMA.IS
2295,istanbul,KRDMB.IS
2296,istanbul,KRDMD.IS
2297,istanbul,KRGYO.IS
2298,istanbul,KRONT.IS
2299,istanbul,KRSAN.IS
2300,istanbul,KRSTL.IS
2301,istanbul,KRTEK.IS
2302,istanbul,KSTUR.IS
2303,istanbul,KUTPO.IS
2304,istanbul,KUYAS.IS
2305,istanbul,LIDFA.IS
2306,istanbul,LINK.IS
2307,istanbul,LKMNH.IS
2308,istanbul,LOGO.IS
2309,istanbul,LUKSK.IS
2310,istanbul,MAALT.IS
2311,istanbul,MAKTK.IS
2312,istanbul,MARKA.IS
2313,istanbul,MARTI.IS
2314,istanbul,MAVI.IS
2315,istanbul,MCTAS.IS
2316,istanbul,MEGAP.IS
2317,istanbul,MEMSA.IS
2318,istanbul,MEPET.IS
2319,istanbul,MERIT.IS
2320,istanbul,MERKO.IS
2321,istanbul,METAL.IS
2322,istanbul,METRO.IS
2323,istanbul,METUR.IS
2324,istanbul,MGROS.IS
2325,istanbul,MIPAZ.IS
2326,istanbul,MMCAS.IS
2327,istanbul,MNDRS.IS
2328,istanbul,MRDIN.IS
2329,istanbul,MRGYO.IS
2330,istanbul,MRSHL.IS
2331,istanbul,MSGYO.IS
2332,istanbul,MZHLD.IS
2333,istanbul,NETAS.IS
2334,istanbul,NIBAS.IS
2335,istanbul,NTHOL.IS
2336,istanbul,NUGYO.IS
2337,istanbul,NUHCM.IS
2338,istanbul,ODAS.IS
2339,istanbul,OLMIP.IS
2340,istanbul,ORGE.IS
2341,istanbul,ORMA.IS
2342,istanbul,OSMEN.IS
2343,istanbul,OSTIM.IS
2344,istanbul,OTKAR.IS
2345,istanbul,OYAYO.IS
2346,istanbul,OYLUM.IS
2347,istanbul,OZBAL.IS
2348,istanbul,OZGYO.IS
2349,istanbul,OZKGY.IS
2350,istanbul,OZRDN.IS
2351,istanbul,PAGYO.IS
2352,istanbul,PARSN.IS
2353,istanbul,PEGYO.IS
2354,istanbul,PENGD.IS
2355,istanbul,PETKM.IS
2356,istanbul,PETUN.IS
2357,istanbul,PGSUS.IS
2358,istanbul,PIMAS.IS
2359,istanbul,PINSU.IS
2360,istanbul,PKART.IS
2361,istanbul,PKENT.IS
2362,istanbul,PMVR3.IS
2363,istanbul,PNSUT.IS
2364,istanbul,POLHO.IS
2365,istanbul,POLTK.IS
2366,istanbul,PRKAB.IS
2367,istanbul,PRKME.IS
2368,istanbul,PRZMA.IS
2369,istanbul,PSDTC.IS
2370,istanbul,RAYSG.IS
2371,istanbul,RHEAG.IS
2372,istanbul,RODRG.IS
2373,istanbul,ROYAL.IS
2374,istanbul,RTALB.IS
2375,istanbul,RYGYO.IS
2376,istanbul,RYSAS.IS
2377,istanbul,SAHOL.IS
2378,istanbul,SALIX.IS
2379,istanbul,SAMAT.IS
2380,istanbul,SANEL.IS
2381,istanbul,SANFM.IS
2382,istanbul,SANKO.IS
2383,istanbul,SARKY.IS
2384,istanbul,SASA.IS
2385,istanbul,SAYAS.IS
2386,istanbul,SEKFK.IS
2387,istanbul,SEKUR.IS
2388,istanbul,SELEC.IS
2389,istanbul,SELGD.IS
2390,istanbul,SERVE.IS
2391,istanbul,SEYKM.IS
2392,istanbul,SILVR.IS
2393,istanbul,SISE.IS
2394,istanbul,SKBNK.IS
2395,istanbul,SKTAS.IS
2396,istanbul,SNGYO.IS
2397,istanbul,SNKRN.IS
2398,istanbul,SNPAM.IS
2399,istanbul,SODA.IS
2400,istanbul,SODSN.IS
2401,istanbul,SONME.IS
2402,istanbul,SRVGY.IS
2403,istanbul,TACTR.IS
2404,istanbul,TATGD.IS
2405,istanbul,TAVHL.IS
2406,istanbul,TBORG.IS
2407,istanbul,TCELL.IS
2408,istanbul,TEKTU.IS
2409,istanbul,TGSAS.IS
2410,istanbul,THYAO.IS
2411,istanbul,TIRE.IS
2412,istanbul,TKFEN.IS
2413,istanbul,TKNSA.IS
2414,istanbul,TKURU.IS
2415,istanbul,TMPOL.IS
2416,istanbul,TMSN.IS
2417,istanbul,TOASO.IS
2418,istanbul,TRCAS.IS
2419,istanbul,TRGYO.IS
2420,istanbul,TRKCM.IS
2421,istanbul,TRNSK.IS
2422,istanbul,TSGYO.IS
2423,istanbul,TSKB.IS
2424,istanbul,TSPOR.IS
2425,istanbul,TTKOM.IS
2426,istanbul,TTRAK.IS
2427,istanbul,TUCLK.IS
2428,istanbul,TUKAS.IS
2429,istanbul,TUPRS.IS
2430,istanbul,TURGG.IS
2431,istanbul,UFUK.IS
2432,istanbul,ULAS.IS
2433,istanbul,ULKER.IS
2434,istanbul,ULUSE.IS
2435,istanbul,ULUUN.IS
2436,istanbul,UMPAS.IS
2437,istanbul,UNYEC.IS
2438,istanbul,USAK.IS
2439,istanbul,UTPYA.IS
2440,istanbul,UZERB.IS
2441,istanbul,VAKBN.IS
2442,istanbul,VAKFN.IS
2443,istanbul,VAKKO.IS
2444,istanbul,VANGD.IS
2445,istanbul,VERTU.IS
2446,istanbul,VERUS.IS
2447,istanbul,VESBE.IS
2448,istanbul,VESTL.IS
2449,istanbul,VKFYO.IS
2450,istanbul,VKGYO.IS
2451,istanbul,VKING.IS
2452,istanbul,YAPRK.IS
2453,istanbul,YATAS.IS
2454,istanbul,YAYLA.IS
2455,istanbul,YAZIC.IS
2456,istanbul,YBTAS.IS
2457,istanbul,YESIL.IS
2458,istanbul,YGGYO.IS
2459,istanbul,YGYO.IS
2460,istanbul,YKBNK.IS
2461,istanbul,YKGYO.IS
2462,istanbul,YONGA.IS
2463,istanbul,YUNSA.IS
2464,istanbul,YYAPI.IS
2465,istanbul,ZOREN.IS
2466,johannesburg,4SIJ.J
2467,johannesburg,ACEJ.J
2468,johannesburg,ACGJ.J
2469,johannesburg,ACLJ.J
2470,johannesburg,ACSJ.J
2471,johannesburg,ACTJ.J
2472,johannesburg,ADHJ.J
2473,johannesburg,ADIJ.J
2474,johannesburg,ADRJ.J
2475,johannesburg,ADWJ.J
2476,johannesburg,AEEJ.J
2477,johannesburg,AEGJ.J
2478,johannesburg,AELJ.J
2479,johannesburg,AETJ.J
2480,johannesburg,AEYJ.J
2481,johannesburg,AFEJ.J
2482,johannesburg,AFHJ.J
2483,johannesburg,AFTJ.J
2484,johannesburg,AFXJ.J
2485,johannesburg,AGLJ.J
2486,johannesburg,AHLJ.J
2487,johannesburg,AILJ.J
2488,johannesburg,AIPJ.J
2489,johannesburg,ALHJ.J
2490,johannesburg,ALPJ.J
2491,johannesburg,AMEJ.J
2492,johannesburg,AMSJ.J
2493,johannesburg,ANAJ.J
2494,johannesburg,ANDJ.J
2495,johannesburg,ANGJ.J
2496,johannesburg,ANHJ.J
2497,johannesburg,ANSJ.J
2498,johannesburg,AONJn.J
2499,johannesburg,AOOJ.J
2500,johannesburg,APFJ.J
2501,johannesburg,APNJ.J
2502,johannesburg,ARAJ.J
2503,johannesburg,ARHJ.J
2504,johannesburg,ARIJ.J
2505,johannesburg,ARLJ.J
2506,johannesburg,ARTJ.J
2507,johannesburg,ASCJ.J
2508,johannesburg,ASRJ.J
2509,johannesburg,ATLJ.J
2510,johannesburg,ATTJ.J
2511,johannesburg,AVIJ.J
2512,johannesburg,AVLJ.J
2513,johannesburg,AVRJ.J
2514,johannesburg,AVVJ.J
2515,johannesburg,AWAJ.J
2516,johannesburg,AWTJ.J
2517,johannesburg,AXLJ.J
2518,johannesburg,BATJ.J
2519,johannesburg,BAUJ.J
2520,johannesburg,BAWJ.J
2521,johannesburg,BCFJ.J
2522,johannesburg,BDMJ.J
2523,johannesburg,BELJ.J
2524,johannesburg,BFSJ.J
2525,johannesburg,BGAJ.J
2526,johannesburg,BIDJ.J
2527,johannesburg,BIKJ.J
2528,johannesburg,BILJ.J
2529,johannesburg,BLUJ.J
2530,johannesburg,BNTJ.J
2531,johannesburg,BRNJn.J
2532,johannesburg,BRTJ.J
2533,johannesburg,BSRJ.J
2534,johannesburg,BSSJ.J
2535,johannesburg,BTIJ.J
2536,johannesburg,BUCJ.J
2537,johannesburg,BVTJ.J
2538,johannesburg,BWNJ.J
2539,johannesburg,BWZJ.J
2540,johannesburg,CACJ.J
2541,johannesburg,CATJ.J
2542,johannesburg,CCOJ.J
2543,johannesburg,CFRJ.J
2544,johannesburg,CGNJ.J
2545,johannesburg,CGRJ.J
2546,johannesburg,CHPJ.J
2547,johannesburg,CILJ.J
2548,johannesburg,CKSJ.J
2549,johannesburg,CLHJ.J
2550,johannesburg,CLIJ.J
2551,johannesburg,CLRJ.J
2552,johannesburg,CLSJ.J
2553,johannesburg,CMHJ.J
2554,johannesburg,CMLJ.J
2555,johannesburg,CMOJ.J
2556,johannesburg,CNDJ.J
2557,johannesburg,COHJ.J
2558,johannesburg,COMJ.J
2559,johannesburg,CPIJ.J
2560,johannesburg,CRDJ.J
2561,johannesburg,CRGJ.J
2562,johannesburg,CRPJ.J
2563,johannesburg,CSBJ.J
2564,johannesburg,CSGJ.J
2565,johannesburg,CTAJ.J
2566,johannesburg,CTKJ.J
2567,johannesburg,CULJ.J
2568,johannesburg,CVHJ.J
2569,johannesburg,CZAJ.J
2570,johannesburg,DAWJ.J
2571,johannesburg,DCPJ.J
2572,johannesburg,DIAJ.J
2573,johannesburg,DIBJ.J
2574,johannesburg,DLTJ.J
2575,johannesburg,DNBJ.J
2576,johannesburg,DRDJ.J
2577,johannesburg,DSTJ.J
2578,johannesburg,DSYJ.J
2579,johannesburg,DTAJ.J
2580,johannesburg,DTCJ.J
2581,johannesburg,ECSJ.J
2582,johannesburg,EFGJ.J
2583,johannesburg,ELIJ.J
2584,johannesburg,ELRJ.J
2585,johannesburg,EMHJ.J
2586,johannesburg,EMIJ.J
2587,johannesburg,EMNJn.J
2588,johannesburg,ENXJ.J
2589,johannesburg,EOHJ.J
2590,johannesburg,EPEJ.J
2591,johannesburg,EPPJ.J
2592,johannesburg,EPSJ.J
2593,johannesburg,EQUJ.J
2594,johannesburg,ERNJ.J
2595,johannesburg,ESRJ.J
2596,johannesburg,EXGJ.J
2597,johannesburg,EXXJ.J
2598,johannesburg,FBRJ.J
2599,johannesburg,FCRJ.J
2600,johannesburg,FDPJ.J
2601,johannesburg,FFAJ.J
2602,johannesburg,FFBJ.J
2603,johannesburg,FGLJ.J
2604,johannesburg,FSEJ.J
2605,johannesburg,FSRJ.J
2606,johannesburg,FVTJ.J
2607,johannesburg,GAIJ.J
2608,johannesburg,GAMJ.J
2609,johannesburg,GBIJ.J
2610,johannesburg,GFIJ.J
2611,johannesburg,GLIJ.J
2612,johannesburg,GLNJ.J
2613,johannesburg,GNDJ.J
2614,johannesburg,GPAJ.J
2615,johannesburg,GPBJ.J
2616,johannesburg,GPLJ.J
2617,johannesburg,GRFJ.J
2618,johannesburg,GRPJ.J
2619,johannesburg,GRTJ.J
2620,johannesburg,GTCJ.J
2621,johannesburg,GTRJ.J
2622,johannesburg,HARJ.J
2623,johannesburg,HCIJ.J
2624,johannesburg,HDCJ.J
2625,johannesburg,HETJ.J
2626,johannesburg,HILJ.J
2627,johannesburg,HLMJ.J
2628,johannesburg,HMNJ.J
2629,johannesburg,HPBJ.J
2630,johannesburg,HSPJ.J
2631,johannesburg,HUGJ.J
2632,johannesburg,HULJ.J
2633,johannesburg,HWAJ.J
2634,johannesburg,HWNJ.J
2635,johannesburg,HYPJ.J
2636,johannesburg,IAPJ.J
2637,johannesburg,IDQJ.J
2638,johannesburg,IHLJ.J
2639,johannesburg,ILEJ.J
2640,johannesburg,ILUJ.J
2641,johannesburg,IMPJ.J
2642,johannesburg,INGJ.J
2643,johannesburg,INLJ.J
2644,johannesburg,INPJ.J
2645,johannesburg,IPFJ.J
2646,johannesburg,IPLJ.J
2647,johannesburg,IPSJ.J
2648,johannesburg,ISAJ.J
2649,johannesburg,ISBJ.J
2650,johannesburg,ITEJ.J
2651,johannesburg,ITUJ.J
2652,johannesburg,IVTJ.J
2653,johannesburg,IWEJ.J
2654,johannesburg,JBLJ.J
2655,johannesburg,JSCJ.J
2656,johannesburg,JSEJ.J
2657,johannesburg,KALJ.J
2658,johannesburg,KAPJ.J
2659,johannesburg,KBOJ.J
2660,johannesburg,KDVJ.J
2661,johannesburg,KIOJ.J
2662,johannesburg,KSTJ.J
2663,johannesburg,L2DJ.J
2664,johannesburg,L4LJ.J
2665,johannesburg,LABJ.J
2666,johannesburg,LBHJ.J
2667,johannesburg,LEWJ.J
2668,johannesburg,LHCJ.J
2669,johannesburg,LNFJ.J
2670,johannesburg,LONJ.J
2671,johannesburg,MAPJ.J
2672,johannesburg,MDIJ.J
2673,johannesburg,MEDJ.J
2674,johannesburg,MEIJ.J
2675,johannesburg,MFLJ.J
2676,johannesburg,MIXJ.J
2677,johannesburg,MLDJ.J
2678,johannesburg,MMGJ.J
2679,johannesburg,MMHJ.J
2680,johannesburg,MMIJ.J
2681,johannesburg,MMPJ.J
2682,johannesburg,MNDJ.J
2683,johannesburg,MNKJ.J
2684,johannesburg,MNPJ.J
2685,johannesburg,MPTJ.J
2686,johannesburg,MRFJ.J
2687,johannesburg,MRIJ.J
2688,johannesburg,MRPJ.J
2689,johannesburg,MSMJ.J
2690,johannesburg,MSPJ.J
2691,johannesburg,MSTJ.J
2692,johannesburg,MTAJ.J
2693,johannesburg,MTNJ.J
2694,johannesburg,MURJ.J
2695,johannesburg,MZRJ.J
2696,johannesburg,NCSJ.J
2697,johannesburg,NEDJ.J
2698,johannesburg,NFPJ.J
2699,johannesburg,NHMJ.J
2700,johannesburg,NIVJ.J
2701,johannesburg,NPKJ.J
2702,johannesburg,NPNJn.J
2703,johannesburg,NRLJ.J
2704,johannesburg,NRPJ.J
2705,johannesburg,NT1J.J
2706,johannesburg,NTCJ.J
2707,johannesburg,NUTJ.J
2708,johannesburg,NVSJ.J
2709,johannesburg,NWLJ.J
2710,johannesburg,OAOJ.J
2711,johannesburg,OASJ.J
2712,johannesburg,OCEJ.J
2713,johannesburg,OCTJ.J
2714,johannesburg,OLGJ.J
2715,johannesburg,OMLJ.J
2716,johannesburg,OMNJ.J
2717,johannesburg,OREJ.J
2718,johannesburg,ORNJ.J
2719,johannesburg,PANJ.J
2720,johannesburg,PBGJ.J
2721,johannesburg,PEMJ.J
2722,johannesburg,PFBJ.J
2723,johannesburg,PFGJ.J
2724,johannesburg,PGLJ.J
2725,johannesburg,PGRJ.J
2726,johannesburg,PHMJ.J
2727,johannesburg,PIKJ.J
2728,johannesburg,PMVJ.J
2729,johannesburg,PPCJ.J
2730,johannesburg,PPEJ.J
2731,johannesburg,PPRJ.J
2732,johannesburg,PSGJ.J
2733,johannesburg,PSVJ.J
2734,johannesburg,QFHJ.J
2735,johannesburg,RBAJ.J
2736,johannesburg,RBPJ.J
2737,johannesburg,RBXJ.J
2738,johannesburg,RCLJ.J
2739,johannesburg,RDFJ.J
2740,johannesburg,RDIJ.J
2741,johannesburg,REAJ.J
2742,johannesburg,REBJ.J
2743,johannesburg,REIJ.J
2744,johannesburg,REMJ.J
2745,johannesburg,RENJ.J
2746,johannesburg,RESJ.J
2747,johannesburg,RFGJ.J
2748,johannesburg,RHBJ.J
2749,johannesburg,RLFJ.J
2750,johannesburg,RLOJ.J
2751,johannesburg,RMHJ.J
2752,johannesburg,RMIJ.J
2753,johannesburg,RNGJ.J
2754,johannesburg,RPLJ.J
2755,johannesburg,RSGJ.J
2756,johannesburg,RTNJn.J
2757,johannesburg,RTOJ.J
2758,johannesburg,S32J.J
2759,johannesburg,SACJ.J
2760,johannesburg,SAPJ.J
2761,johannesburg,SARJ.J
2762,johannesburg,SBKJ.J
2763,johannesburg,SBVJ.J
2764,johannesburg,SCDJ.J
2765,johannesburg,SCLJ.J
2766,johannesburg,SCPJ.J
2767,johannesburg,SDOJ.J
2768,johannesburg,SEAJ.J
2769,johannesburg,SEPJ.J
2770,johannesburg,SFNJ.J
2771,johannesburg,SGLJ.J
2772,johannesburg,SHGJ.J
2773,johannesburg,SHPJ.J
2774,johannesburg,SIPBEEJ.J
2775,johannesburg,SLMJ.J
2776,johannesburg,SNHJ.J
2777,johannesburg,SNTJ.J
2778,johannesburg,SNVJ.J
2779,johannesburg,SOHJ.J
2780,johannesburg,SOLBE1J.J
2781,johannesburg,SOLJ.J
2782,johannesburg,SOVJ.J
2783,johannesburg,SPAJ.J
2784,johannesburg,SPGJ.J
2785,johannesburg,SPPJ.J
2786,johannesburg,SRRJ.J
2787,johannesburg,SSKJ.J
2788,johannesburg,SSSJ.J
2789,johannesburg,STAJ.J
2790,johannesburg,STPJ.J
2791,johannesburg,SUIJ.J
2792,johannesburg,SURJ.J
2793,johannesburg,SVBJ.J
2794,johannesburg,SVNJn.J
2795,johannesburg,SYGJ.J
2796,johannesburg,TASJ.J
2797,johannesburg,TAWJ.J
2798,johannesburg,TBGJ.J
2799,johannesburg,TBSJ.J
2800,johannesburg,TCPJ.J
2801,johannesburg,TCSJ.J
2802,johannesburg,TDHJ.J
2803,johannesburg,TEXJ.J
2804,johannesburg,TFGJ.J
2805,johannesburg,THAJ.J
2806,johannesburg,TKGJ.J
2807,johannesburg,TLMJ.J
2808,johannesburg,TMTJ.J
2809,johannesburg,TONJ.J
2810,johannesburg,TORJ.J
2811,johannesburg,TPCJ.J
2812,johannesburg,TPFJ.J
2813,johannesburg,TREJ.J
2814,johannesburg,TRLJ.J
2815,johannesburg,TRUJ.J
2816,johannesburg,TSHJ.J
2817,johannesburg,TSXJ.J
2818,johannesburg,TTOJ.J
2819,johannesburg,TWRJ.J
2820,johannesburg,UCPJ.J
2821,johannesburg,UPLJ.J
2822,johannesburg,VINJ.J
2823,johannesburg,VISJ.J
2824,johannesburg,VKEJ.J
2825,johannesburg,VLEJ.J
2826,johannesburg,VMKJ.J
2827,johannesburg,VODJ.J
2828,johannesburg,VUNJ.J
2829,johannesburg,WBOJ.J
2830,johannesburg,WCCJ.J
2831,johannesburg,WEAJ.J
2832,johannesburg,WEZJ.J
2833,johannesburg,WHLJ.J
2834,johannesburg,WILJ.J
2835,johannesburg,WKFJ.J
2836,johannesburg,WSLJ.J
2837,johannesburg,YRKJ.J
2838,johannesburg,YYLBEEJ.J
2839,johannesburg,ZCIJ.J
2840,johannesburg,ZEDJ.J
2841,sao_paulo,AALL34.SA
2842,sao_paulo,AALR3.SA
2843,sao_paulo,AAPL34.SA
2844,sao_paulo,ABBV34.SA
2845,sao_paulo,ABCB4.SA
2846,sao_paulo,ABCP11.SA
2847,sao_paulo,ABEV3.SA
2848,sao_paulo,ABTT34.SA
2849,sao_paulo,ACNB34.SA
2850,sao_paulo,ADHM3.SA
2851,sao_paulo,AEFI11.SA
2852,sao_paulo,AELP3.SA
2853,sao_paulo,AETB34.SA
2854,sao_paulo,AFLT3.SA
2855,sao_paulo,AFLU3.SA
2856,sao_paulo,AFLU5.SA
2857,sao_paulo,AFLU6.SA
2858,sao_paulo,AGCX11.SA
2859,sao_paulo,AGRO3.SA
2860,sao_paulo,AHEB3.SA
2861,sao_paulo,AHEB5.SA
2862,sao_paulo,AHEB6.SA
2863,sao_paulo,AIGB34.SA
2864,sao_paulo,ALMI11.SA
2865,sao_paulo,ALPA3.SA
2866,sao_paulo,ALPA4.SA
2867,sao_paulo,ALSC3.SA
2868,sao_paulo,ALTS11.SA
2869,sao_paulo,ALTS3.SA
2870,sao_paulo,ALUP11.SA
2871,sao_paulo,ALUP3.SA
2872,sao_paulo,ALUP4.SA
2873,sao_paulo,AMAR3.SA
2874,sao_paulo,AMGN34.SA
2875,sao_paulo,AMZO34.SA
2876,sao_paulo,ANDV34.SA
2877,sao_paulo,ANIM3.SA
2878,sao_paulo,APTI3.SA
2879,sao_paulo,APTI4.SA
2880,sao_paulo,AQLL11.SA
2881,sao_paulo,ARMT34.SA
2882,sao_paulo,ARNC34.SA
2883,sao_paulo,ARZZ3.SA
2884,sao_paulo,ATCR11.SA
2885,sao_paulo,ATOM3.SA
2886,sao_paulo,ATTB34.SA
2887,sao_paulo,AVON34.SA
2888,sao_paulo,AXPB34.SA
2889,sao_paulo,AZEV3.SA
2890,sao_paulo,AZEV4.SA
2891,sao_paulo,AZUL4.SA
2892,sao_paulo,BAHI3.SA
2893,sao_paulo,BALM3.SA
2894,sao_paulo,BALM4.SA
2895,sao_paulo,BAUH3.SA
2896,sao_paulo,BAUH4.SA
2897,sao_paulo,BAZA3.SA
2898,sao_paulo,BBAS11.SA
2899,sao_paulo,BBAS12.SA
2900,sao_paulo,BBAS3.SA
2901,sao_paulo,BBDC3.SA
2902,sao_paulo,BBDC4.SA
2903,sao_paulo,BBIM11.SA
2904,sao_paulo,BBPO11.SA
2905,sao_paulo,BBRC11.SA
2906,sao_paulo,BBRK3.SA
2907,sao_paulo,BBSD11.SA
2908,sao_paulo,BBSE3.SA
2909,sao_paulo,BBVJ11.SA
2910,sao_paulo,BBYY34.SA
2911,sao_paulo,BCIA11.SA
2912,sao_paulo,BCRI11.SA
2913,sao_paulo,BDLL3.SA
2914,sao_paulo,BDLL4.SA
2915,sao_paulo,BDRU11.SA
2916,sao_paulo,BDRX11.SA
2917,sao_paulo,BEEF3.SA
2918,sao_paulo,BEES3.SA
2919,sao_paulo,BEES4.SA
2920,sao_paulo,BERK34.SA
2921,sao_paulo,BFRE11.SA
2922,sao_paulo,BFRE12.SA
2923,sao_paulo,BGIP3.SA
2924,sao_paulo,BGIP4.SA
2925,sao_paulo,BIIB34.SA
2926,sao_paulo,BIOM3.SA
2927,sao_paulo,BLAK34.SA
2928,sao_paulo,BMEB3.SA
2929,sao_paulo,BMEB4.SA
2930,sao_paulo,BMII11.SA
2931,sao_paulo,BMIN3.SA
2932,sao_paulo,BMIN4.SA
2933,sao_paulo,BMKS3.SA
2934,sao_paulo,BMYB34.SA
2935,sao_paulo,BNBR3.SA
2936,sao_paulo,BNFS11.SA
2937,sao_paulo,BOAC34.SA
2938,sao_paulo,BOBR3.SA
2939,sao_paulo,BOBR4.SA
2940,sao_paulo,BOEI34.SA
2941,sao_paulo,BONY34.SA
2942,sao_paulo,BOVA11.SA
2943,sao_paulo,BOVV11.SA
2944,sao_paulo,BOXP34.SA
2945,sao_paulo,BPAC11.SA
2946,sao_paulo,BPAC3.SA
2947,sao_paulo,BPAC5.SA
2948,sao_paulo,BPAN4.SA
2949,sao_paulo,BPAR3.SA
2950,sao_paulo,BPAT33.SA
2951,sao_paulo,BPFF11.SA
2952,sao_paulo,BPHA3.SA
2953,sao_paulo,BRAP3.SA
2954,sao_paulo,BRAP4.SA
2955,sao_paulo,BRAX11.SA
2956,sao_paulo,BRCP11.SA
2957,sao_paulo,BRCR11.SA
2958,sao_paulo,BRFS3.SA
2959,sao_paulo,BRGE11.SA
2960,sao_paulo,BRGE12.SA
2961,sao_paulo,BRGE3.SA
2962,sao_paulo,BRGE5.SA
2963,sao_paulo,BRGE6.SA
2964,sao_paulo,BRGE7.SA
2965,sao_paulo,BRGE8.SA
2966,sao_paulo,BRIN3.SA
2967,sao_paulo,BRIV3.SA
2968,sao_paulo,BRIV4.SA
2969,sao_paulo,BRKM3.SA
2970,sao_paulo,BRKM5.SA
2971,sao_paulo,BRKM6.SA
2972,sao_paulo,BRML3.SA
2973,sao_paulo,BRPR3.SA
2974,sao_paulo,BRQB3.SA
2975,sao_paulo,BRSR3.SA
2976,sao_paulo,BRSR5.SA
2977,sao_paulo,BRSR6.SA
2978,sao_paulo,BSAN33.SA
2979,sao_paulo,BSEV3.SA
2980,sao_paulo,BSLI3.SA
2981,sao_paulo,BSLI4.SA
2982,sao_paulo,BTOW3.SA
2983,sao_paulo,BTTL3.SA
2984,sao_paulo,BTTL4.SA
2985,sao_paulo,BVAR11.SA
2986,sao_paulo,BVMF3.SA
2987,sao_paulo,CALI3.SA
2988,sao_paulo,CALI4.SA
2989,sao_paulo,CAMB3.SA
2990,sao_paulo,CAMB4.SA
2991,sao_paulo,CAML3.SA
2992,sao_paulo,CARD3.SA
2993,sao_paulo,CARE11.SA
2994,sao_paulo,CASN3.SA
2995,sao_paulo,CASN4.SA
2996,sao_paulo,CATA3.SA
2997,sao_paulo,CATA4.SA
2998,sao_paulo,CATP34.SA
2999,sao_paulo,CBEE3.SA
3000,sao_paulo,CBOP11.SA
3001,sao_paulo,CCPR3.SA
3002,sao_paulo,CCRO3.SA
3003,sao_paulo,CCXC3.SA
3004,sao_paulo,CEBR3.SA
3005,sao_paulo,CEBR5.SA
3006,sao_paulo,CEBR6.SA
3007,sao_paulo,CEDO3.SA
3008,sao_paulo,CEDO4.SA
3009,sao_paulo,CEEB3.SA
3010,sao_paulo,CEEB5.SA
3011,sao_paulo,CEEB6.SA
3012,sao_paulo,CEED3.SA
3013,sao_paulo,CEED4.SA
3014,sao_paulo,CEGR3.SA
3015,sao_paulo,CELP3.SA
3016,sao_paulo,CELP5.SA
3017,sao_paulo,CELP6.SA
3018,sao_paulo,CELP7.SA
3019,sao_paulo,CEOC11.SA
3020,sao_paulo,CEPE3.SA
3021,sao_paulo,CEPE5.SA
3022,sao_paulo,CEPE6.SA
3023,sao_paulo,CESP3.SA
3024,sao_paulo,CESP5.SA
3025,sao_paulo,CESP6.SA
3026,sao_paulo,CGAS3.SA
3027,sao_paulo,CGAS5.SA
3028,sao_paulo,CGRA3.SA
3029,sao_paulo,CGRA4.SA
3030,sao_paulo,CHKE34.SA
3031,sao_paulo,CHVX34.SA
3032,sao_paulo,CIEL3.SA
3033,sao_paulo,CLGN34.SA
3034,sao_paulo,CLSC3.SA
3035,sao_paulo,CLSC4.SA
3036,sao_paulo,CMCS34.SA
3037,sao_paulo,CMIG3.SA
3038,sao_paulo,CMIG4.SA
3039,sao_paulo,CMSA3.SA
3040,sao_paulo,CMSA4.SA
3041,sao_paulo,CNES11.SA
3042,sao_paulo,CNSY3.SA
3043,sao_paulo,COCA34.SA
3044,sao_paulo,COCE3.SA
3045,sao_paulo,COCE5.SA
3046,sao_paulo,COCE6.SA
3047,sao_paulo,COLG34.SA
3048,sao_paulo,COPH34.SA
3049,sao_paulo,CORR3.SA
3050,sao_paulo,CORR4.SA
3051,sao_paulo,COTY34.SA
3052,sao_paulo,COWC34.SA
3053,sao_paulo,CPFE3.SA
3054,sao_paulo,CPLE3.SA
3055,sao_paulo,CPLE5.SA
3056,sao_paulo,CPLE6.SA
3057,sao_paulo,CPRE3.SA
3058,sao_paulo,CRDE3.SA
3059,sao_paulo,CREM3.SA
3060,sao_paulo,CRFB3.SA
3061,sao_paulo,CRIV3.SA
3062,sao_paulo,CRIV4.SA
3063,sao_paulo,CRPG3.SA
3064,sao_paulo,CRPG5.SA
3065,sao_paulo,CRPG6.SA
3066,sao_paulo,CSAB3.SA
3067,sao_paulo,CSAB4.SA
3068,sao_paulo,CSAN3.SA
3069,sao_paulo,CSCO34.SA
3070,sao_paulo,CSMG3.SA
3071,sao_paulo,CSNA3.SA
3072,sao_paulo,CSRN3.SA
3073,sao_paulo,CSRN5.SA
3074,sao_paulo,CSRN6.SA
3075,sao_paulo,CTAX3.SA
3076,sao_paulo,CTCA3.SA
3077,sao_paulo,CTGP34.SA
3078,sao_paulo,CTKA3.SA
3079,sao_paulo,CTKA4.SA
3080,sao_paulo,CTNM3.SA
3081,sao_paulo,CTNM4.SA
3082,sao_paulo,CTSA3.SA
3083,sao_paulo,CTSA4.SA
3084,sao_paulo,CTSA8.SA
3085,sao_paulo,CTSH34.SA
3086,sao_paulo,CTXT11.SA
3087,sao_paulo,CVCB3.SA
3088,sao_paulo,CVSH34.SA
3089,sao_paulo,CXRI11.SA
3090,sao_paulo,CXTL11.SA
3091,sao_paulo,CYRE3.SA
3092,sao_paulo,CZLT33.SA
3093,sao_paulo,DAGB33.SA
3094,sao_paulo,DASA3.SA
3095,sao_paulo,DEAI34.SA
3096,sao_paulo,DHER34.SA
3097,sao_paulo,DIRR3.SA
3098,sao_paulo,DISB34.SA
3099,sao_paulo,DIVO11.SA
3100,sao_paulo,DMMO3.SA
3101,sao_paulo,DOHL3.SA
3102,sao_paulo,DOHL4.SA
3103,sao_paulo,DOMC11.SA
3104,sao_paulo,DOWB34.SA
3105,sao_paulo,DTCY3.SA
3106,sao_paulo,DTCY4.SA
3107,sao_paulo,DTEX3.SA
3108,sao_paulo,DUKB34.SA
3109,sao_paulo,DUPO34.SA
3110,sao_paulo,EALT3.SA
3111,sao_paulo,EALT4.SA
3112,sao_paulo,EBAY34.SA
3113,sao_paulo,ECOO11.SA
3114,sao_paulo,ECOR3.SA
3115,sao_paulo,ECPR3.SA
3116,sao_paulo,ECPR4.SA
3117,sao_paulo,EDGA11.SA
3118,sao_paulo,EEEL3.SA
3119,sao_paulo,EEEL4.SA
3120,sao_paulo,EGIE3.SA
3121,sao_paulo,EKTR3.SA
3122,sao_paulo,EKTR4.SA
3123,sao_paulo,ELEK3.SA
3124,sao_paulo,ELEK4.SA
3125,sao_paulo,ELET3.SA
3126,sao_paulo,ELET5.SA
3127,sao_paulo,ELET6.SA
3128,sao_paulo,ELPL3.SA
3129,sao_paulo,ELPL4.SA
3130,sao_paulo,EMAE3.SA
3131,sao_paulo,EMAE4.SA
3132,sao_paulo,EMBR3.SA
3133,sao_paulo,ENBR3.SA
3134,sao_paulo,ENEV3.SA
3135,sao_paulo,ENGI11.SA
3136,sao_paulo,ENGI12.SA
3137,sao_paulo,ENGI3.SA
3138,sao_paulo,ENGI4.SA
3139,sao_paulo,ENMT3.SA
3140,sao_paulo,ENMT4.SA
3141,sao_paulo,EQTL3.SA
3142,sao_paulo,ESRX34.SA
3143,sao_paulo,ESTC3.SA
3144,sao_paulo,ESTR3.SA
3145,sao_paulo,ESTR4.SA
3146,sao_paulo,ESUD11.SA
3147,sao_paulo,ESUD12.SA
3148,sao_paulo,ESUT11.SA
3149,sao_paulo,ESUT12.SA
3150,sao_paulo,ESUU11.SA
3151,sao_paulo,ESUU12.SA
3152,sao_paulo,ETER3.SA
3153,sao_paulo,EUCA3.SA
3154,sao_paulo,EUCA4.SA
3155,sao_paulo,EURO11.SA
3156,sao_paulo,EVEN3.SA
3157,sao_paulo,EXXO34.SA
3158,sao_paulo,EZTC3.SA
3159,sao_paulo,FAED11.SA
3160,sao_paulo,FBMC3.SA
3161,sao_paulo,FBMC4.SA
3162,sao_paulo,FBOK34.SA
3163,sao_paulo,FCAS11.SA
3164,sao_paulo,FCCQ11.SA
3165,sao_paulo,FCFL11.SA
3166,sao_paulo,FCXO34.SA
3167,sao_paulo,FDES11.SA
3168,sao_paulo,FDMO34.SA
3169,sao_paulo,FDXB34.SA
3170,sao_paulo,FESA3.SA
3171,sao_paulo,FESA4.SA
3172,sao_paulo,FEXC11.SA
3173,sao_paulo,FFCI11.SA
3174,sao_paulo,FHER3.SA
3175,sao_paulo,FIBR3.SA
3176,sao_paulo,FIGE3.SA
3177,sao_paulo,FIGE4.SA
3178,sao_paulo,FIGS11.SA
3179,sao_paulo,FIIB11.SA
3180,sao_paulo,FIND11.SA
3181,sao_paulo,FINF11.SA
3182,sao_paulo,FIVN11.SA
3183,sao_paulo,FIXX11.SA
3184,sao_paulo,FJTA3.SA
3185,sao_paulo,FJTA4.SA
3186,sao_paulo,FLMA11.SA
3187,sao_paulo,FLRP11.SA
3188,sao_paulo,FLRY3.SA
3189,sao_paulo,FMOF11.SA
3190,sao_paulo,FMXB34.SA
3191,sao_paulo,FNAM11.SA
3192,sao_paulo,FNCN3.SA
3193,sao_paulo,FNOR11.SA
3194,sao_paulo,FOFT11.SA
3195,sao_paulo,FOMS3.SA
3196,sao_paulo,FPAB11.SA
3197,sao_paulo,FPNG11.SA
3198,sao_paulo,FPOR11.SA
3199,sao_paulo,FRAS3.SA
3200,sao_paulo,FRIO3.SA
3201,sao_paulo,FRTA3.SA
3202,sao_paulo,FSLR34.SA
3203,sao_paulo,FSPE11.SA
3204,sao_paulo,FSRF11.SA
3205,sao_paulo,FSTU11.SA
3206,sao_paulo,FVBI11.SA
3207,sao_paulo,FVPQ11.SA
3208,sao_paulo,GBIO33.SA
3209,sao_paulo,GDBR34.SA
3210,sao_paulo,GEOO34.SA
3211,sao_paulo,GEPA3.SA
3212,sao_paulo,GEPA4.SA
3213,sao_paulo,GFSA3.SA
3214,sao_paulo,GGBR3.SA
3215,sao_paulo,GGBR4.SA
3216,sao_paulo,GGRC11.SA
3217,sao_paulo,GILD34.SA
3218,sao_paulo,GMCO34.SA
3219,sao_paulo,GOAU3.SA
3220,sao_paulo,GOAU4.SA
3221,sao_paulo,GOGL34.SA
3222,sao_paulo,GOGL35.SA
3223,sao_paulo,GOLL4.SA
3224,sao_paulo,GOVE11.SA
3225,sao_paulo,GPAR3.SA
3226,sao_paulo,GPCP3.SA
3227,sao_paulo,GPCP4.SA
3228,sao_paulo,GPIV33.SA
3229,sao_paulo,GPRO34.SA
3230,sao_paulo,GPSI34.SA
3231,sao_paulo,GRLV11.SA
3232,sao_paulo,GRND3.SA
3233,sao_paulo,GRUC3.SA
3234,sao_paulo,GRUC6.SA
3235,sao_paulo,GSGI34.SA
3236,sao_paulo,GSHP3.SA
3237,sao_paulo,GUAR3.SA
3238,sao_paulo,GUAR4.SA
3239,sao_paulo,GVFF11.SA
3240,sao_paulo,GWIR11.SA
3241,sao_paulo,HAGA3.SA
3242,sao_paulo,HAGA4.SA
3243,sao_paulo,HALI34.SA
3244,sao_paulo,HBOR3.SA
3245,sao_paulo,HBTS3.SA
3246,sao_paulo,HBTS5.SA
3247,sao_paulo,HBTS6.SA
3248,sao_paulo,HCBR3.SA
3249,sao_paulo,HCRI11.SA
3250,sao_paulo,HETA3.SA
3251,sao_paulo,HETA4.SA
3252,sao_paulo,HGBS11.SA
3253,sao_paulo,HGCR11.SA
3254,sao_paulo,HGJH11.SA
3255,sao_paulo,HGLG11.SA
3256,sao_paulo,HGRE11.SA
3257,sao_paulo,HGTX3.SA
3258,sao_paulo,HOME34.SA
3259,sao_paulo,HONB34.SA
3260,sao_paulo,HOOT3.SA
3261,sao_paulo,HOOT4.SA
3262,sao_paulo,HPQB34.SA
3263,sao_paulo,HSHY34.SA
3264,sao_paulo,HTMX11.SA
3265,sao_paulo,HYPE3.SA
3266,sao_paulo,IBMB34.SA
3267,sao_paulo,IBOV11.SA
3268,sao_paulo,IBRA11.SA
3269,sao_paulo,IBXL11.SA
3270,sao_paulo,IBXX11.SA
3271,sao_paulo,ICON11.SA
3272,sao_paulo,IDIV11.SA
3273,sao_paulo,IDNT3.SA
3274,sao_paulo,IDVL3.SA
3275,sao_paulo,IDVL4.SA
3276,sao_paulo,IEEX11.SA
3277,sao_paulo,IFIX11.SA
3278,sao_paulo,IFNC11.SA
3279,sao_paulo,IGBR3.SA
3280,sao_paulo,IGCT11.SA
3281,sao_paulo,IGCX11.SA
3282,sao_paulo,IGNM11.SA
3283,sao_paulo,IGSN3.SA
3284,sao_paulo,IGTA3.SA
3285,sao_paulo,IMAT11.SA
3286,sao_paulo,IMOB11.SA
3287,sao_paulo,INDX11.SA
3288,sao_paulo,INEP3.SA
3289,sao_paulo,INEP4.SA
3290,sao_paulo,IPNN3.SA
3291,sao_paulo,IRBR3.SA
3292,sao_paulo,ISEE11.SA
3293,sao_paulo,ISUS11.SA
3294,sao_paulo,ITAG11.SA
3295,sao_paulo,ITEC3.SA
3296,sao_paulo,ITLC34.SA
3297,sao_paulo,ITSA3.SA
3298,sao_paulo,ITSA4.SA
3299,sao_paulo,ITUB3.SA
3300,sao_paulo,ITUB4.SA
3301,sao_paulo,IVBX11.SA
3302,sao_paulo,IVVB11.SA
3303,sao_paulo,JBDU3.SA
3304,sao_paulo,JBDU4.SA
3305,sao_paulo,JBSS3.SA
3306,sao_paulo,JCPC34.SA
3307,sao_paulo,JFEN3.SA
3308,sao_paulo,JHSF3.SA
3309,sao_paulo,JNJB34.SA
3310,sao_paulo,JOPA3.SA
3311,sao_paulo,JOPA4.SA
3312,sao_paulo,JPMC34.SA
3313,sao_paulo,JPPC11.SA
3314,sao_paulo,JRDM11.SA
3315,sao_paulo,JSLG3.SA
3316,sao_paulo,JSRE11.SA
3317,sao_paulo,JTPR11.SA
3318,sao_paulo,KEPL11.SA
3319,sao_paulo,KEPL3.SA
3320,sao_paulo,KHCB34.SA
3321,sao_paulo,KINP11.SA
3322,sao_paulo,KLBN11.SA
3323,sao_paulo,KLBN3.SA
3324,sao_paulo,KLBN4.SA
3325,sao_paulo,KMBB34.SA
3326,sao_paulo,KNCR11.SA
3327,sao_paulo,KNIP11.SA
3328,sao_paulo,KNRE11.SA
3329,sao_paulo,KNRI11.SA
3330,sao_paulo,KROT3.SA
3331,sao_paulo,LAME3.SA
3332,sao_paulo,LAME4.SA
3333,sao_paulo,LBRN34.SA
3334,sao_paulo,LCAM3.SA
3335,sao_paulo,LEVE3.SA
3336,sao_paulo,LHER3.SA
3337,sao_paulo,LHER4.SA
3338,sao_paulo,LIGT3.SA
3339,sao_paulo,LILY34.SA
3340,sao_paulo,LINX3.SA
3341,sao_paulo,LIPR3.SA
3342,sao_paulo,LIXC3.SA
3343,sao_paulo,LIXC4.SA
3344,sao_paulo,LLIS3.SA
3345,sao_paulo,LMTB34.SA
3346,sao_paulo,LOGN12.SA
3347,sao_paulo,LOGN3.SA
3348,sao_paulo,LPSB3.SA
3349,sao_paulo,LREN3.SA
3350,sao_paulo,LUPA3.SA
3351,sao_paulo,LUXM3.SA
3352,sao_paulo,LUXM4.SA
3353,sao_paulo,MACY34.SA
3354,sao_paulo,MAGG3.SA
3355,sao_paulo,MAPT3.SA
3356,sao_paulo,MAPT4.SA
3357,sao_paulo,MATB11.SA
3358,sao_paulo,MAXR11.SA
3359,sao_paulo,MBRF11.SA
3360,sao_paulo,MCDC34.SA
3361,sao_paulo,MDIA3.SA
3362,sao_paulo,MDLZ34.SA
3363,sao_paulo,MDTC34.SA
3364,sao_paulo,MEAL3.SA
3365,sao_paulo,MEND3.SA
3366,sao_paulo,MEND5.SA
3367,sao_paulo,MEND6.SA
3368,sao_paulo,MERC3.SA
3369,sao_paulo,MERC4.SA
3370,sao_paulo,METB34.SA
3371,sao_paulo,MFII11.SA
3372,sao_paulo,MGEL3.SA
3373,sao_paulo,MGEL4.SA
3374,sao_paulo,MGLU3.SA
3375,sao_paulo,MILS3.SA
3376,sao_paulo,MLCX11.SA
3377,sao_paulo,MLFT3.SA
3378,sao_paulo,MLFT4.SA
3379,sao_paulo,MMAQ3.SA
3380,sao_paulo,MMAQ4.SA
3381,sao_paulo,MMMC34.SA
3382,sao_paulo,MMXM11.SA
3383,sao_paulo,MMXM3.SA
3384,sao_paulo,MNDL3.SA
3385,sao_paulo,MNPR3.SA
3386,sao_paulo,MOAR3.SA
3387,sao_paulo,MOSC34.SA
3388,sao_paulo,MOVI3.SA
3389,sao_paulo,MPLU3.SA
3390,sao_paulo,MRCK34.SA
3391,sao_paulo,MRFG3.SA
3392,sao_paulo,MRVE3.SA
3393,sao_paulo,MSBR34.SA
3394,sao_paulo,MSCD34.SA
3395,sao_paulo,MSFT34.SA
3396,sao_paulo,MSPA3.SA
3397,sao_paulo,MSPA4.SA
3398,sao_paulo,MSRO3.SA
3399,sao_paulo,MTIG3.SA
3400,sao_paulo,MTIG4.SA
3401,sao_paulo,MTSA3.SA
3402,sao_paulo,MTSA4.SA
3403,sao_paulo,MULT3.SA
3404,sao_paulo,MWET3.SA
3405,sao_paulo,MWET4.SA
3406,sao_paulo,MXRF11.SA
3407,sao_paulo,MYPK11.SA
3408,sao_paulo,MYPK12.SA
3409,sao_paulo,MYPK3.SA
3410,sao_paulo,NAFG3.SA
3411,sao_paulo,NAFG4.SA
3412,sao_paulo,NATU3.SA
3413,sao_paulo,NCHB11.SA
3414,sao_paulo,NEMO3.SA
3415,sao_paulo,NEMO5.SA
3416,sao_paulo,NEMO6.SA
3417,sao_paulo,NFLX34.SA
3418,sao_paulo,NIKE34.SA
3419,sao_paulo,NORD3.SA
3420,sao_paulo,NRTQ3.SA
3421,sao_paulo,NSLU11.SA
3422,sao_paulo,NUTR3.SA
3423,sao_paulo,NVHO11.SA
3424,sao_paulo,NVRP11.SA
3425,sao_paulo,ODER3.SA
3426,sao_paulo,ODER4.SA
3427,sao_paulo,ODPV3.SA
3428,sao_paulo,OFSA3.SA
3429,sao_paulo,OGXP3.SA
3430,sao_paulo,OIBR3.SA
3431,sao_paulo,OIBR4.SA
3432,sao_paulo,OMGE3.SA
3433,sao_paulo,ONEF11.SA
3434,sao_paulo,ORCL34.SA
3435,sao_paulo,OSXB3.SA
3436,sao_paulo,OUJP11.SA
3437,sao_paulo,PABY11.SA
3438,sao_paulo,PACF3.SA
3439,sao_paulo,PARD3.SA
3440,sao_paulo,PATI10.SA
3441,sao_paulo,PATI3.SA
3442,sao_paulo,PATI4.SA
3443,sao_paulo,PCAR3.SA
3444,sao_paulo,PCAR4.SA
3445,sao_paulo,PDGR11.SA
3446,sao_paulo,PDGR3.SA
3447,sao_paulo,PEAB3.SA
3448,sao_paulo,PEAB4.SA
3449,sao_paulo,PEPB34.SA
3450,sao_paulo,PETR3.SA
3451,sao_paulo,PETR4.SA
3452,sao_paulo,PFIZ34.SA
3453,sao_paulo,PFRM3.SA
3454,sao_paulo,PGCO34.SA
3455,sao_paulo,PIBB11.SA
3456,sao_paulo,PINE3.SA
3457,sao_paulo,PINE4.SA
3458,sao_paulo,PLAS3.SA
3459,sao_paulo,PLRI11.SA
3460,sao_paulo,PMAM3.SA
3461,sao_paulo,PNVL3.SA
3462,sao_paulo,PNVL4.SA
3463,sao_paulo,POMO3.SA
3464,sao_paulo,POMO4.SA
3465,sao_paulo,PORD11.SA
3466,sao_paulo,POSI3.SA
3467,sao_paulo,PPAR3.SA
3468,sao_paulo,PPLA11.SA
3469,sao_paulo,PPLA35.SA
3470,sao_paulo,PPLA36.SA
3471,sao_paulo,PQDP11.SA
3472,sao_paulo,PRCA11.SA
3473,sao_paulo,PRCA12.SA
3474,sao_paulo,PRCA3.SA
3475,sao_paulo,PRIO3.SA
3476,sao_paulo,PRML3.SA
3477,sao_paulo,PRSV11.SA
3478,sao_paulo,PSEG3.SA
3479,sao_paulo,PSEG4.SA
3480,sao_paulo,PSSA3.SA
3481,sao_paulo,PSVM11.SA
3482,sao_paulo,PTBL3.SA
3483,sao_paulo,PTNT3.SA
3484,sao_paulo,PTNT4.SA
3485,sao_paulo,QCOM34.SA
3486,sao_paulo,QGEP3.SA
3487,sao_paulo,QUAL3.SA
3488,sao_paulo,QUSW3.SA
3489,sao_paulo,RADL3.SA
3490,sao_paulo,RAIL3.SA
3491,sao_paulo,RANI3.SA
3492,sao_paulo,RANI4.SA
3493,sao_paulo,RAPT3.SA
3494,sao_paulo,RAPT4.SA
3495,sao_paulo,RBBV11.SA
3496,sao_paulo,RBCB11.SA
3497,sao_paulo,RBDS11.SA
3498,sao_paulo,RBGS11.SA
3499,sao_paulo,RBRD11.SA
3500,sao_paulo,RBRF11.SA
3501,sao_paulo,RBVO11.SA
3502,sao_paulo,RCSL3.SA
3503,sao_paulo,RCSL4.SA
3504,sao_paulo,RDES11.SA
3505,sao_paulo,RDNI3.SA
3506,sao_paulo,REDE3.SA
3507,sao_paulo,RENT3.SA
3508,sao_paulo,RIGG34.SA
3509,sao_paulo,RLOG3.SA
3510,sao_paulo,RNDP11.SA
3511,sao_paulo,RNEW11.SA
3512,sao_paulo,RNEW3.SA
3513,sao_paulo,RNEW4.SA
3514,sao_paulo,RNGO11.SA
3515,sao_paulo,ROMI3.SA
3516,sao_paulo,ROST34.SA
3517,sao_paulo,RPAD3.SA
3518,sao_paulo,RPAD5.SA
3519,sao_paulo,RPAD6.SA
3520,sao_paulo,RPMG3.SA
3521,sao_paulo,RSID3.SA
3522,sao_paulo,RSUL3.SA
3523,sao_paulo,RSUL4.SA
3524,sao_paulo,SAAG11.SA
3525,sao_paulo,SANB11.SA
3526,sao_paulo,SANB3.SA
3527,sao_paulo,SANB4.SA
3528,sao_paulo,SANC34.SA
3529,sao_paulo,SAPR3.SA
3530,sao_paulo,SAPR4.SA
3531,sao_paulo,SBSP3.SA
3532,sao_paulo,SBUB34.SA
3533,sao_paulo,SCAR3.SA
3534,sao_paulo,SCHW34.SA
3535,sao_paulo,SCPF11.SA
3536,sao_paulo,SDIL11.SA
3537,sao_paulo,SEDU3.SA
3538,sao_paulo,SEER3.SA
3539,sao_paulo,SFND11.SA
3540,sao_paulo,SGPS3.SA
3541,sao_paulo,SHOW3.SA
3542,sao_paulo,SHPH11.SA
3543,sao_paulo,SHUL3.SA
3544,sao_paulo,SHUL4.SA
3545,sao_paulo,SINC11.SA
3546,sao_paulo,SING11.SA
3547,sao_paulo,SLBG34.SA
3548,sao_paulo,SLCE3.SA
3549,sao_paulo,SLED3.SA
3550,sao_paulo,SLED4.SA
3551,sao_paulo,SMAL11.SA
3552,sao_paulo,SMLL11.SA
3553,sao_paulo,SMLS3.SA
3554,sao_paulo,SMTO3.SA
3555,sao_paulo,SNSL3.SA
3556,sao_paulo,SNSY3.SA
3557,sao_paulo,SNSY5.SA
3558,sao_paulo,SNSY6.SA
3559,sao_paulo,SOND3.SA
3560,sao_paulo,SOND5.SA
3561,sao_paulo,SOND6.SA
3562,sao_paulo,SPAF11.SA
3563,sao_paulo,SPRI3.SA
3564,sao_paulo,SPRI5.SA
3565,sao_paulo,SPRI6.SA
3566,sao_paulo,SPRN34.SA
3567,sao_paulo,SPTW11.SA
3568,sao_paulo,SPXI11.SA
3569,sao_paulo,SQRM11.SA
3570,sao_paulo,SQRM3.SA
3571,sao_paulo,SSBR3.SA
3572,sao_paulo,SSFO34.SA
3573,sao_paulo,STBP3.SA
3574,sao_paulo,STKF3.SA
3575,sao_paulo,STTR3.SA
3576,sao_paulo,SULA11.SA
3577,sao_paulo,SULA3.SA
3578,sao_paulo,SULA4.SA
3579,sao_paulo,SUZB5.SA
3580,sao_paulo,SUZB6.SA
3581,sao_paulo,TAEE11.SA
3582,sao_paulo,TAEE3.SA
3583,sao_paulo,TAEE4.SA
3584,sao_paulo,TBOF11.SA
3585,sao_paulo,TCNO3.SA
3586,sao_paulo,TCNO4.SA
3587,sao_paulo,TCSA3.SA
3588,sao_paulo,TECN3.SA
3589,sao_paulo,TEKA3.SA
3590,sao_paulo,TEKA4.SA
3591,sao_paulo,TELB3.SA
3592,sao_paulo,TELB4.SA
3593,sao_paulo,TEND3.SA
3594,sao_paulo,TESA3.SA
3595,sao_paulo,TEXA34.SA
3596,sao_paulo,TFOF11.SA
3597,sao_paulo,TGMA3.SA
3598,sao_paulo,TGTB34.SA
3599,sao_paulo,THRA11.SA
3600,sao_paulo,TIET11.SA
3601,sao_paulo,TIET3.SA
3602,sao_paulo,TIET4.SA
3603,sao_paulo,TIFF34.SA
3604,sao_paulo,TIMP3.SA
3605,sao_paulo,TKNO3.SA
3606,sao_paulo,TKNO4.SA
3607,sao_paulo,TMOS34.SA
3608,sao_paulo,TOTS3.SA
3609,sao_paulo,TOYB13.SA
3610,sao_paulo,TOYB3.SA
3611,sao_paulo,TOYB4.SA
3612,sao_paulo,TPIS3.SA
3613,sao_paulo,TRIS3.SA
3614,sao_paulo,TRNT11.SA
3615,sao_paulo,TRPL3.SA
3616,sao_paulo,TRPL4.SA
3617,sao_paulo,TRPN3.SA
3618,sao_paulo,TRVC34.SA
3619,sao_paulo,TRXL11.SA
3620,sao_paulo,TSLA34.SA
3621,sao_paulo,TSNC11.SA
3622,sao_paulo,TUPY3.SA
3623,sao_paulo,TWTR34.SA
3624,sao_paulo,TWXB34.SA
3625,sao_paulo,TXRX3.SA
3626,sao_paulo,TXRX4.SA
3627,sao_paulo,UBSG34.SA
3628,sao_paulo,UCAS3.SA
3629,sao_paulo,UGPA3.SA
3630,sao_paulo,UNID3.SA
3631,sao_paulo,UNIP3.SA
3632,sao_paulo,UNIP5.SA
3633,sao_paulo,UNIP6.SA
3634,sao_paulo,UPAC34.SA
3635,sao_paulo,UPSS34.SA
3636,sao_paulo,USBC34.SA
3637,sao_paulo,USIM3.SA
3638,sao_paulo,USIM5.SA
3639,sao_paulo,USIM6.SA
3640,sao_paulo,USSX34.SA
3641,sao_paulo,UTEC34.SA
3642,sao_paulo,UTIL11.SA
3643,sao_paulo,VALE3.SA
3644,sao_paulo,VALE5.SA
3645,sao_paulo,VERE11.SA
3646,sao_paulo,VERZ34.SA
3647,sao_paulo,VISA34.SA
3648,sao_paulo,VISC11.SA
3649,sao_paulo,VIVR3.SA
3650,sao_paulo,VIVT3.SA
3651,sao_paulo,VIVT4.SA
3652,sao_paulo,VLID3.SA
3653,sao_paulo,VLJS11.SA
3654,sao_paulo,VLJS12.SA
3655,sao_paulo,VLOE34.SA
3656,sao_paulo,VLOL11.SA
3657,sao_paulo,VPSI11.SA
3658,sao_paulo,VRTA11.SA
3659,sao_paulo,VSPT3.SA
3660,sao_paulo,VSPT4.SA
3661,sao_paulo,VULC3.SA
3662,sao_paulo,VVAR11.SA
3663,sao_paulo,VVAR3.SA
3664,sao_paulo,VVAR4.SA
3665,sao_paulo,WALM34.SA
3666,sao_paulo,WEGE3.SA
3667,sao_paulo,WFCO34.SA
3668,sao_paulo,WHRL3.SA
3669,sao_paulo,WHRL4.SA
3670,sao_paulo,WIZS3.SA
3671,sao_paulo,WLMM3.SA
3672,sao_paulo,WLMM4.SA
3673,sao_paulo,WSON33.SA
3674,sao_paulo,WUNI34.SA
3675,sao_paulo,XBOV11.SA
3676,sao_paulo,XPCM11.SA
3677,sao_paulo,XPOM11.SA
3678,sao_paulo,XRXB34.SA
3679,sao_paulo,XTED11.SA
3680,sgx,AAGH.SI
3681,sgx,AAIK.SI
3682,sgx,AART.SI
3683,sgx,ABFB.SI
3684,sgx,ABRH.SI
3685,sgx,ABTR.SI
3686,sgx,ABUN.SI
3687,sgx,ACCO.SI
3688,sgx,ACCR.SI
3689,sgx,ACEA.SI
3690,sgx,ACES.SI
3691,sgx,ACH.SI
3692,sgx,ACMA.SI
3693,sgx,ACRO.SI
3694,sgx,ADSA.SI
3695,sgx,ADVA.SI
3696,sgx,ADVE.SI
3697,sgx,ADVN.SI
3698,sgx,AEHL.SI
3699,sgx,AEIC.SI
3700,sgx,AEMN.SI
3701,sgx,AEM.SI
3702,sgx,AFGL.SI
3703,sgx,AGVG.SI
3704,sgx,AHYG.SI
3705,sgx,AIMS.SI
3706,sgx,AINT.SI
3707,sgx,ALIB.SI
3708,sgx,ALLI.SI
3709,sgx,ALLT.SI
3710,sgx,ALPH.SI
3711,sgx,AMHL.SI
3712,sgx,AMPL.SI
3713,sgx,AMRA.SI
3714,sgx,ANAN.SI
3715,sgx,ANCH.SI
3716,sgx,ANHL.SI
3717,sgx,ANIH.SI
3718,sgx,ANTE.SI
3719,sgx,AOIL.SI
3720,sgx,AOXI.SI
3721,sgx,APAC.SI
3722,sgx,APST.SI
3723,sgx,ARIO.SI
3724,sgx,ARTT.SI
3725,sgx,ASCT.SI
3726,sgx,ASFN.SI
3727,sgx,ASHP.SI
3728,sgx,ASIA.SI
3729,sgx,ASIM.SI
3730,sgx,ASIP.SI
3731,sgx,ASLM.SI
3732,sgx,ASMA.SI
3733,sgx,ASON.SI
3734,sgx,ASPA.SI
3735,sgx,ASPE.SI
3736,sgx,ASRT.SI
3737,sgx,ASTA.SI
3738,sgx,ATIC.SI
3739,sgx,ATIH.SI
3740,sgx,ATLA.SI
3741,sgx,ATTI.SI
3742,sgx,ATVE.SI
3743,sgx,AUSG.SI
3744,sgx,AVAU.SI
3745,sgx,AVIC.SI
3746,sgx,AVJH.SI
3747,sgx,AVTH.SI
3748,sgx,AXCE.SI
3749,sgx,AZEU.SI
3750,sgx,BANL.SI
3751,sgx,BANY.SI
3752,sgx,BATE.SI
3753,sgx,BBRS.SI
3754,sgx,BCIL.SI
3755,sgx,BEIJ.SI
3756,sgx,BENK.SI
3757,sgx,BEST.SI
3758,sgx,BHGC.SI
3759,sgx,BHGR.SI
3760,sgx,BIDU.SI
3761,sgx,BLAC.SI
3762,sgx,BLUM.SI
3763,sgx,BMHL.SI
3764,sgx,BOLD.SI
3765,sgx,BOUS.SI
3766,sgx,BRCA.SI
3767,sgx,BRET.SI
3768,sgx,BRJP.SI
3769,sgx,BROO.SI
3770,sgx,BRRM.SI
3771,sgx,BRWY.SI
3772,sgx,BSES.SI
3773,sgx,BTSS.SI
3774,sgx,BUMI.SI
3775,sgx,BVHS.SI
3776,sgx,CACF.SI
3777,sgx,CACT.SI
3778,sgx,CALT.SI
3779,sgx,CAMS.SI
3780,sgx,CAPI.SI
3781,sgx,CAPT.SI
3782,sgx,CASA.SI
3783,sgx,CATL.SI
3784,sgx,CBRG.SI
3785,sgx,CDLT.SI
3786,sgx,CDWH.SI
3787,sgx,CEA.SI
3788,sgx,CEGL.SI
3789,sgx,CEII.SI
3790,sgx,CELE.SI
3791,sgx,CERG.SI
3792,sgx,CESE.SI
3793,sgx,CEWL.SI
3794,sgx,CFMH.SI
3795,sgx,CFTS.SI
3796,sgx,CGEP.SI
3797,sgx,CGJG.SI
3798,sgx,CGXF.SI
3799,sgx,CHAL.SI
3800,sgx,CHAR.SI
3801,sgx,CHA.SI
3802,sgx,CHAS.SI
3803,sgx,CHEM.SI
3804,sgx,CHEN.SI
3805,sgx,CHFI.SI
3806,sgx,CHGI.SI
3807,sgx,CHGL.SI
3808,sgx,CHHA.SI
3809,sgx,CHHL.SI
3810,sgx,CHHS.SI
3811,sgx,CHIA.SI
3812,sgx,CHIE.SI
3813,sgx,CHIG.SI
3814,sgx,CHIM.SI
3815,sgx,CHL.SI
3816,sgx,CHNA.SI
3817,sgx,CHOF.SI
3818,sgx,CHOO.SI
3819,sgx,CHSN.SI
3820,sgx,CHU.SI
3821,sgx,CHWO.SI
3822,sgx,CHXS.SI
3823,sgx,CIPH.SI
3824,sgx,CISA.SI
3825,sgx,CITI.SI
3826,sgx,CIVM.SI
3827,sgx,CJEH.SI
3828,sgx,CJIS.SI
3829,sgx,CKFC.SI
3830,sgx,CKUN.SI
3831,sgx,CMDG.SI
3832,sgx,CMIL.SI
3833,sgx,CMLT.SI
3834,sgx,CNAO.SI
3835,sgx,CNCL.SI
3836,sgx,CNER.SI
3837,sgx,CNFG.SI
3838,sgx,CNGR.SI
3839,sgx,CNHL.SI
3840,sgx,CNMC.SI
3841,sgx,COGH.SI
3842,sgx,COLX.SI
3843,sgx,COMI.SI
3844,sgx,CORD.SI
3845,sgx,CORT.SI
3846,sgx,COSC.SI
3847,sgx,COSM.SI
3848,sgx,COUA.SI
3849,sgx,COUR.SI
3850,sgx,CPHL.SI
3851,sgx,CRCT.SI
3852,sgx,CREA.SI
3853,sgx,CSCH.SI
3854,sgx,CSES.SI
3855,sgx,CSIL.SI
3856,sgx,CSKY.SI
3857,sgx,CSUN.SI
3858,sgx,CTDM.SI
3859,sgx,CTRP.SI
3860,sgx,CTTG.SI
3861,sgx,CWGI.SI
3862,sgx,CWTD.SI
3863,sgx,CWXG.SI
3864,sgx,CYBP.SI
3865,sgx,CYOU.SI
3866,sgx,DAIR.SI
3867,sgx,DAPA.SI
3868,sgx,DASI.SI
3869,sgx,DATA.SI
3870,sgx,DAUS.SI
3871,sgx,DAXJ.SI
3872,sgx,DBAN.SI
3873,sgx,DBBM.SI
3874,sgx,DBSM.SI
3875,sgx,DCM.SI
3876,sgx,DCSB.SI
3877,sgx,DCSI.SI
3878,sgx,DCSX.SI
3879,sgx,DDHL.SI
3880,sgx,DECL.SI
3881,sgx,DELF.SI
3882,sgx,DELO.SI
3883,sgx,DEOU.SI
3884,sgx,DESS.SI
3885,sgx,DESX.SI
3886,sgx,DFVT.SI
3887,sgx,DFXI.SI
3888,sgx,DGLE.SI
3889,sgx,DGSD.SI
3890,sgx,DISA.SI
3891,sgx,DMBR.SI
3892,sgx,DMCN.SI
3893,sgx,DMEU.SI
3894,sgx,DMHL.SI
3895,sgx,DMIN.SI
3896,sgx,DMJP.SI
3897,sgx,DMKO.SI
3898,sgx,DMMY.SI
3899,sgx,DMNI.SI
3900,sgx,DMPL.SI
3901,sgx,DMRC.SI
3902,sgx,DMTH.SI
3903,sgx,DMTW.SI
3904,sgx,DMUS.SI
3905,sgx,DMWO.SI
3906,sgx,DMXT.SI
3907,sgx,DNIX.SI
3908,sgx,DOSA.SI
3909,sgx,DOSR.SI
3910,sgx,DPAK.SI
3911,sgx,DPDL.SI
3912,sgx,DPQP.SI
3913,sgx,DPXJ.SI
3914,sgx,DRGN.SI
3915,sgx,DRWT.SI
3916,sgx,DSIN.SI
3917,sgx,DSPS.SI
3918,sgx,DTHL.SI
3919,sgx,DUIT.SI
3920,sgx,DUSD.SI
3921,sgx,DUTD.SI
3922,sgx,DUTY.SI
3923,sgx,DYCL.SI
3924,sgx,ECOW.SI
3925,sgx,ECWO.SI
3926,sgx,EDIT.SI
3927,sgx,EELT.SI
3928,sgx,EHHL.SI
3929,sgx,EIND.SI
3930,sgx,ELPZ.SI
3931,sgx,EMAS.SI
3932,sgx,EMER.SI
3933,sgx,EMSE.SI
3934,sgx,ENGR.SI
3935,sgx,EPHL.SI
3936,sgx,ESGL.SI
3937,sgx,ESRR.SI
3938,sgx,ETEL.SI
3939,sgx,ETGL.SI
3940,sgx,ETIK.SI
3941,sgx,EURO.SI
3942,sgx,EXCE.SI
3943,sgx,EZHL.SI
3944,sgx,EZRA.SI
3945,sgx,FAEA.SI
3946,sgx,FAEH.SI
3947,sgx,FARE.SI
3948,sgx,FBCH.SI
3949,sgx,FCRT.SI
3950,sgx,FEDL.SI
3951,sgx,FEGL.SI
3952,sgx,FEMP.SI
3953,sgx,FFHL.SI
3954,sgx,FIBR.SI
3955,sgx,FIGT.SI
3956,sgx,FJBN.SI
3957,sgx,FOIL.SI
3958,sgx,FOPS.SI
3959,sgx,FORT.SI
3960,sgx,FRAE.SI
3961,sgx,FRAG.SI
3962,sgx,FRCR.SI
3963,sgx,FRCT.SI
3964,sgx,FREN.SI
3965,sgx,FRET.SI
3966,sgx,FRHO.SI
3967,sgx,FRLD.SI
3968,sgx,FRNM.SI
3969,sgx,FSCA.SI
3970,sgx,FSLT.SI
3971,sgx,FULL.SI
3972,sgx,FUYU.SI
3973,sgx,FXCG.SI
3974,sgx,FZPI.SI
3975,sgx,GAGR.SI
3976,sgx,GAYL.SI
3977,sgx,GBYL.SI
3978,sgx,GCCP.SI
3979,sgx,GDSG.SI
3980,sgx,GELA.SI
3981,sgx,GENH.SI
3982,sgx,GENS.SI
3983,sgx,GEOE.SI
3984,sgx,GKEC.SI
3985,sgx,GKHS.SI
3986,sgx,GLGP.SI
3987,sgx,GLLI.SI
3988,sgx,GLNV.SI
3989,sgx,GLOB.SI
3990,sgx,GLPL.SI
3991,sgx,GLVT.SI
3992,sgx,GOLD.SI
3993,sgx,GPBS.SI
3994,sgx,GPEI.SI
3995,sgx,GPRL.SI
3996,sgx,GREE.SI
3997,sgx,GRPS.SI
3998,sgx,GSHC.SI
3999,sgx,GSHO.SI
4000,sgx,GSSE.SI
4001,sgx,GTCL.SI
4002,sgx,GUOA.SI
4003,sgx,GUOC.SI
4004,sgx,GYLP.SI
4005,sgx,HACH.SI
4006,sgx,HALC.SI
4007,sgx,HANA.SI
4008,sgx,HANR.SI
4009,sgx,HANW.SI
4010,sgx,HATT.SI
4011,sgx,HBC.SI
4012,sgx,HBEE.SI
4013,sgx,HCSU.SI
4014,sgx,HEET.SI
4015,sgx,HEMC.SI
4016,sgx,HFRY.SI
4017,sgx,HGCS.SI
4018,sgx,HGMM.SI
4019,sgx,HIAP.SI
4020,sgx,HIPI.SI
4021,sgx,HKEW.SI
4022,sgx,HKLD.SI
4023,sgx,HLAA.SI
4024,sgx,HLEC.SI
4025,sgx,HLGE.SI
4026,sgx,HLHG.SI
4027,sgx,HLHL.SI
4028,sgx,HLSF.SI
4029,sgx,HLSG.SI
4030,sgx,HMIH.SI
4031,sgx,HNGX.SI
4032,sgx,HNP.SI
4033,sgx,HNYG.SI
4034,sgx,HONG.SI
4035,sgx,HOTU.SI
4036,sgx,HPAR.SI
4037,sgx,HPHT.SI
4038,sgx,HPPS.SI
4039,sgx,HRGS.SI
4040,sgx,HRNE.SI
4041,sgx,HSEN.SI
4042,sgx,HSNG.SI
4043,sgx,HTCL.SI
4044,sgx,HTJT.SI
4045,sgx,HTRS.SI
4046,sgx,HUAN.SI
4047,sgx,HUAT.SI
4048,sgx,HUPS.SI
4049,sgx,HWHS.SI
4050,sgx,HYFL.SI
4051,sgx,IBEV.SI
4052,sgx,IBPI.SI
4053,sgx,ICPL.SI
4054,sgx,IEVH.SI
4055,sgx,IFAC.SI
4056,sgx,IFAR.SI
4057,sgx,IFAS.SI
4058,sgx,IHHH.SI
4059,sgx,IKEN.SI
4060,sgx,IMPE.SI
4061,sgx,INDI.SI
4062,sgx,INFN.SI
4063,sgx,INFO.SI
4064,sgx,INPS.SI
4065,sgx,INTK.SI
4066,sgx,INTR.SI
4067,sgx,IPCC.SI
4068,sgx,IPCO.SI
4069,sgx,IPSL.SI
4070,sgx,IPSS.SI
4071,sgx,IREI.SI
4072,sgx,ISDN.SI
4073,sgx,ISEC.SI
4074,sgx,ISET.SI
4075,sgx,ISOT.SI
4076,sgx,ISRC.SI
4077,sgx,ITRS.SI
4078,sgx,IXBI.SI
4079,sgx,JACK.SI
4080,sgx,JADA.SI
4081,sgx,JAHL.SI
4082,sgx,JAPF.SI
4083,sgx,JARD.SI
4084,sgx,JASO.SI
4085,sgx,JASP.SI
4086,sgx,JAYA.SI
4087,sgx,JBFO.SI
4088,sgx,JCYC.SI
4089,sgx,JEPH.SI
4090,sgx,JIHL.SI
4091,sgx,JLJH.SI
4092,sgx,JMGL.SI
4093,sgx,JPFD.SI
4094,sgx,JSH.SI
4095,sgx,JSIH.SI
4096,sgx,JUMB.SI
4097,sgx,JUTN.SI
4098,sgx,KARI.SI
4099,sgx,KASA.SI
4100,sgx,KATR.SI
4101,sgx,KBEE.SI
4102,sgx,KBRO.SI
4103,sgx,KCAL.SI
4104,sgx,KCFH.SI
4105,sgx,KCHL.SI
4106,sgx,KEHO.SI
4107,sgx,KEPE.SI
4108,sgx,KEPL.SI
4109,sgx,KHON.SI
4110,sgx,KIMH.SI
4111,sgx,KIML.SI
4112,sgx,KIWC.SI
4113,sgx,KLWH.SI
4114,sgx,KMAR.SI
4115,sgx,KMEN.SI
4116,sgx,KODA.SI
4117,sgx,KOLA.SI
4118,sgx,KOON.SI
4119,sgx,KOPL.SI
4120,sgx,KORI.SI
4121,sgx,KOYO.SI
4122,sgx,KPEL.SI
4123,sgx,KPLM.SI
4124,sgx,KRIS.SI
4125,sgx,KSHH.SI
4126,sgx,KSTL.SI
4127,sgx,KTEL.SI
4128,sgx,KTLG.SI
4129,sgx,LAEJ.SI
4130,sgx,LAFE.SI
4131,sgx,LANG.SI
4132,sgx,LAPX.SI
4133,sgx,LASI.SI
4134,sgx,LASS.SI
4135,sgx,LCRB.SI
4136,sgx,LCRG.SI
4137,sgx,LCTH.SI
4138,sgx,LDJI.SI
4139,sgx,LEEM.SI
4140,sgx,LETL.SI
4141,sgx,LEYC.SI
4142,sgx,LHNL.SI
4143,sgx,LHSI.SI
4144,sgx,LHTH.SI
4145,sgx,LIAS.SI
4146,sgx,LIBG.SI
4147,sgx,LIFE.SI
4148,sgx,LIGL.SI
4149,sgx,LINC.SI
4150,sgx,LIND.SI
4151,sgx,LINR.SI
4152,sgx,LION.SI
4153,sgx,LIOP.SI
4154,sgx,LKBH.SI
4155,sgx,LKH.SI
4156,sgx,LKOM.SI
4157,sgx,LKRW.SI
4158,sgx,LLEM.SI
4159,sgx,LLTM.SI
4160,sgx,LMAL.SI
4161,sgx,LMEU.SI
4162,sgx,LMRT.SI
4163,sgx,LNDX.SI
4164,sgx,LONZ.SI
4165,sgx,LRBC.SI
4166,sgx,LRUS.SI
4167,sgx,LRZI.SI
4168,sgx,LSET.SI
4169,sgx,LTCL.SI
4170,sgx,LTWN.SI
4171,sgx,LUCS.SI
4172,sgx,LUKG.SI
4173,sgx,LUZH.SI
4174,sgx,LWLD.SI
4175,sgx,MACT.SI
4176,sgx,MAGN.SI
4177,sgx,MAIW.SI
4178,sgx,MANH.SI
4179,sgx,MANU.SI
4180,sgx,MAPE.SI
4181,sgx,MAPI.SI
4182,sgx,MAPL.SI
4183,sgx,MAPM.SI
4184,sgx,MARY.SI
4185,sgx,MATE.SI
4186,sgx,MAXI.SI
4187,sgx,MCHE.SI
4188,sgx,MCHL.SI
4189,sgx,MDRT.SI
4190,sgx,MDVT.SI
4191,sgx,MEGA.SI
4192,sgx,MEGH.SI
4193,sgx,MEMS.SI
4194,sgx,MEMT.SI
4195,sgx,MERC.SI
4196,sgx,META.SI
4197,sgx,METE.SI
4198,sgx,MEWI.SI
4199,sgx,MFG.SI
4200,sgx,MFSL.SI
4201,sgx,MIDA.SI
4202,sgx,MIEL.SI
4203,sgx,MITD.SI
4204,sgx,MIYO.SI
4205,sgx,MMEC.SI
4206,sgx,MMPC.SI
4207,sgx,MMPR.SI
4208,sgx,MOIL.SI
4209,sgx,MONE.SI
4210,sgx,MOYA.SI
4211,sgx,MRTL.SI
4212,sgx,MRUW.SI
4213,sgx,MSEL.SI
4214,sgx,MSHO.SI
4215,sgx,MSML.SI
4216,sgx,MTCS.SI
4217,sgx,MTHL.SI
4218,sgx,MTLS.SI
4219,sgx,MTU.SI
4220,sgx,MURA.SI
4221,sgx,MYPL.SI
4222,sgx,MYSC.SI
4223,sgx,NATS.SI
4224,sgx,NAUT.SI
4225,sgx,NCHL.SI
4226,sgx,NEOG.SI
4227,sgx,NERA.SI
4228,sgx,NETL.SI
4229,sgx,NEWS.SI
4230,sgx,NEWW.SI
4231,sgx,NEXT.SI
4232,sgx,NICO.SI
4233,sgx,NIKK.SI
4234,sgx,NIPP.SI
4235,sgx,NISE.SI
4236,sgx,NLPM.SI
4237,sgx,NMCG.SI
4238,sgx,NMHD.SI
4239,sgx,NOBG.SI
4240,sgx,NOEL.SI
4241,sgx,NPFH.SI
4242,sgx,NRGL.SI
4243,sgx,NTES.SI
4244,sgx,NTOR.SI
4245,sgx,NTYO.SI
4246,sgx,NUTR.SI
4247,sgx,OCBC.SI
4248,sgx,OCEA.SI
4249,sgx,OCGL.SI
4250,sgx,OCKL.SI
4251,sgx,OELH.SI
4252,sgx,OKHG.SI
4253,sgx,OKPH.SI
4254,sgx,OLAM.SI
4255,sgx,OLSE.SI
4256,sgx,ONES.SI
4257,sgx,ORIE.SI
4258,sgx,OSSA.SI
4259,sgx,OUEC.SI
4260,sgx,OUEH.SI
4261,sgx,OUEL.SI
4262,sgx,OUER.SI
4263,sgx,OVER.SI
4264,sgx,OVES.SI
4265,sgx,OXHL.SI
4266,sgx,PACC.SI
4267,sgx,PACF.SI
4268,sgx,PACI.SI
4269,sgx,PACS.SI
4270,sgx,PANA.SI
4271,sgx,PANH.SI
4272,sgx,PANU.SI
4273,sgx,PAVI.SI
4274,sgx,PCEN.SI
4275,sgx,PCIL.SI
4276,sgx,PECL.SI
4277,sgx,PERE.SI
4278,sgx,PFML.SI
4279,sgx,PGUN.SI
4280,sgx,PHAR.SI
4281,sgx,PHIL.SI
4282,sgx,PJSC.SI
4283,sgx,PLAT.SI
4284,sgx,PLPS.SI
4285,sgx,PMDS.SI
4286,sgx,PNEI.SI
4287,sgx,POGN.SI
4288,sgx,POLA.SI
4289,sgx,PRAL.SI
4290,sgx,PROC.SI
4291,sgx,PRTL.SI
4292,sgx,PSGH.SI
4293,sgx,PSLL.SI
4294,sgx,PTBL.SI
4295,sgx,PTCL.SI
4296,sgx,PTR.SI
4297,sgx,PWLR.SI
4298,sgx,QAFS.SI
4299,sgx,QGMI.SI
4300,sgx,QIAN.SI
4301,sgx,QMDT.SI
4302,sgx,QTVA.SI
4303,sgx,RAFF.SI
4304,sgx,RAFG.SI
4305,sgx,RAMB.SI
4306,sgx,REAG.SI
4307,sgx,REGI.SI
4308,sgx,RESO.SI
4309,sgx,REXI.SI
4310,sgx,RHPG.SI
4311,sgx,RHTH.SI
4312,sgx,RKHL.SI
4313,sgx,RLSE.SI
4314,sgx,ROTE.SI
4315,sgx,ROWS.SI
4316,sgx,RVHL.SI
4317,sgx,RXYP.SI
4318,sgx,SABA.SI
4319,sgx,SAKA.SI
4320,sgx,SAMR.SI
4321,sgx,SAMT.SI
4322,sgx,SAMU.SI
4323,sgx,SANL.SI
4324,sgx,SANS.SI
4325,sgx,SAPP.SI
4326,sgx,SARI.SI
4327,sgx,SATK.SI
4328,sgx,SATS.SI
4329,sgx,SBDS.SI
4330,sgx,SBIO.SI
4331,sgx,SBSR.SI
4332,sgx,SBVV.SI
4333,sgx,SCIL.SI
4334,sgx,SCMN.SI
4335,sgx,SECD.SI
4336,sgx,SECL.SI
4337,sgx,SECU.SI
4338,sgx,SEEH.SI
4339,sgx,SENY.SI
4340,sgx,SERL.SI
4341,sgx,SERO.SI
4342,sgx,SERR.SI
4343,sgx,SFLD.SI
4344,sgx,SGHC.SI
4345,sgx,SGLD.SI
4346,sgx,SGXL.SI
4347,sgx,SHCC.SI
4348,sgx,SHDS.SI
4349,sgx,SHEN.SI
4350,sgx,SHIN.SI
4351,sgx,SHI.SI
4352,sgx,SHNG.SI
4353,sgx,SHOP.SI
4354,sgx,SHTU.SI
4355,sgx,SIAE.SI
4356,sgx,SIAL.SI
4357,sgx,SIHL.SI
4358,sgx,SIHM.SI
4359,sgx,SIIC.SI
4360,sgx,SINA.SI
4361,sgx,SINC.SI
4362,sgx,SINE.SI
4363,sgx,SING.SI
4364,sgx,SINJ.SI
4365,sgx,SINL.SI
4366,sgx,SINO.SI
4367,sgx,SINP.SI
4368,sgx,SINV.SI
4369,sgx,SINW.SI
4370,sgx,SITR.SI
4371,sgx,SLVX.SI
4372,sgx,SMFC.SI
4373,sgx,SMFL.SI
4374,sgx,SMGL.SI
4375,sgx,SMJI.SI
4376,sgx,SNEX.SI
4377,sgx,SNLN.SI
4378,sgx,SNRT.SI
4379,sgx,SNSR.SI
4380,sgx,SNTH.SI
4381,sgx,SOGF.SI
4382,sgx,SOIL.SI
4383,sgx,SOOK.SI
4384,sgx,SOUT.SI
4385,sgx,SPAC.SI
4386,sgx,SPAU.SI
4387,sgx,SPDR.SI
4388,sgx,SPHL.SI
4389,sgx,SPHR.SI
4390,sgx,SPIC.SI
4391,sgx,SPOS.SI
4392,sgx,SPPS.SI
4393,sgx,SPRM.SI
4394,sgx,SPRS.SI
4395,sgx,SPY.SI
4396,sgx,SRGL.SI
4397,sgx,SRIF.SI
4398,sgx,SRPT.SI
4399,sgx,SRTA.SI
4400,sgx,SSHP.SI
4401,sgx,STAB.SI
4402,sgx,STAR.SI
4403,sgx,STAS.SI
4404,sgx,STCM.SI
4405,sgx,STEG.SI
4406,sgx,STEL.SI
4407,sgx,STHL.SI
4408,sgx,STHO.SI
4409,sgx,STRA.SI
4410,sgx,STRT.SI
4411,sgx,STTF.SI
4412,sgx,SUHL.SI
4413,sgx,SUND.SI
4414,sgx,SUNP.SI
4415,sgx,SUNR.SI
4416,sgx,SUNT.SI
4417,sgx,SUTL.SI
4418,sgx,SVCH.SI
4419,sgx,SWBR.SI
4420,sgx,SWCO.SI
4421,sgx,SWEE.SI
4422,sgx,SWMT.SI
4423,sgx,SYSM.SI
4424,sgx,SYT.SI
4425,sgx,TACO.SI
4426,sgx,TAIS.SI
4427,sgx,TALK.SI
4428,sgx,TASE.SI
4429,sgx,TAT.SI
4430,sgx,TBEV.SI
4431,sgx,TCHL.SI
4432,sgx,TCIL.SI
4433,sgx,TCIN.SI
4434,sgx,TECC.SI
4435,sgx,TECH.SI
4436,sgx,TECK.SI
4437,sgx,TEEI.SI
4438,sgx,TEEL.SI
4439,sgx,TEHO.SI
4440,sgx,TGLK.SI
4441,sgx,THAK.SI
4442,sgx,THEP.SI
4443,sgx,THET.SI
4444,sgx,TIAN.SI
4445,sgx,TIHL.SI
4446,sgx,TINL.SI
4447,sgx,TION.SI
4448,sgx,TISE.SI
4449,sgx,TLVH.SI
4450,sgx,TMCE.SI
4451,sgx,TMCL.SI
4452,sgx,TM.SI
4453,sgx,TOPG.SI
4454,sgx,TOSE.SI
4455,sgx,TPGB.SI
4456,sgx,TPVH.SI
4457,sgx,TRHL.SI
4458,sgx,TRIY.SI
4459,sgx,TRKL.SI
4460,sgx,TSHC.SI
4461,sgx,TSHS.SI
4462,sgx,TTGL.SI
4463,sgx,TTJH.SI
4464,sgx,TYES.SI
4465,sgx,UAFC.SI
4466,sgx,UGHE.SI
4467,sgx,UICS.SI
4468,sgx,UMSH.SI
4469,sgx,UNIO.SI
4470,sgx,UNIS.SI
4471,sgx,UNIT.SI
4472,sgx,UNIV.SI
4473,sgx,UNUS.SI
4474,sgx,UOAL.SI
4475,sgx,UOBH.SI
4476,sgx,UOIS.SI
4477,sgx,UOKH.SI
4478,sgx,UPLL.SI
4479,sgx,UPPS.SI
4480,sgx,USCH.SI
4481,sgx,USPG.SI
4482,sgx,UTDF.SI
4483,sgx,UTES.SI
4484,sgx,UTOS.SI
4485,sgx,VAMG.SI
4486,sgx,VARD.SI
4487,sgx,VCOM.SI
4488,sgx,VENM.SI
4489,sgx,VERS.SI
4490,sgx,VHLD.SI
4491,sgx,VIBO.SI
4492,sgx,VIBR.SI
4493,sgx,VICP.SI
4494,sgx,VIKO.SI
4495,sgx,VIVA.SI
4496,sgx,VLUE.SI
4497,sgx,VSHN.SI
4498,sgx,WEIH.SI
4499,sgx,WHHL.SI
4500,sgx,WHIT.SI
4501,sgx,WILT.SI
4502,sgx,WLAR.SI
4503,sgx,WLIL.SI
4504,sgx,WONG.SI
4505,sgx,WORL.SI
4506,sgx,WPML.SI
4507,sgx,WPSL.SI
4508,sgx,WTHS.SI
4509,sgx,XMHL.SI
4510,sgx,YAMR.SI
4511,sgx,YANG.SI
4512,sgx,YAZG.SI
4513,sgx,YHII.SI
4514,sgx,YHSS.SI
4515,sgx,YIND.SI
4516,sgx,YING.SI
4517,sgx,YNAM.SI
4518,sgx,YNLG.SI
4519,sgx,YNMH.SI
4520,sgx,YOMA.SI
4521,sgx,YORK.SI
4522,sgx,YOUN.SI
4523,sgx,YUUZ.SI
4524,sgx,YVEN.SI
4525,sgx,ZBRG.SI
4526,sgx,ZHON.SI
4527,sgx,ZICO.SI
4528,sgx,ZIWO.SI
4529,sgx,ZNH.SI
4530,sgx,ZOBE.SI
